FullName,Preload
LuaInterface.EventObject,False
SceneRenderPipeline,False
System.Attribute,False
System.ComponentModel.Component,False
System.ComponentModel.DescriptionAttribute,False
System.ComponentModel.Win32Exception,False
System.DateTime,False
System.Delegate,False
System.Enum,False
System.EventArgs,False
System.Exception,False
System.MarshalByRefObject,False
System.Net.WebSockets.ClientWebSocket,False
System.Net.WebSockets.ClientWebSocketOptions,False
System.Net.WebSockets.HttpListenerWebSocketContext,False
System.Net.WebSockets.WebSocket,False
System.Net.WebSockets.WebSocketCloseStatus,False
System.Net.WebSockets.WebSocketContext,False
System.Net.WebSockets.WebSocketError,False
System.Net.WebSockets.WebSocketException,False
System.Net.WebSockets.WebSocketMessageType,False
System.Net.WebSockets.WebSocketReceiveResult,False
System.Net.WebSockets.WebSocketState,False
System.Object,False
System.Runtime.InteropServices.ExternalException,False
System.Runtime.Versioning.FrameworkName,False
System.SystemException,False
System.Timers.ElapsedEventArgs,False
System.Timers.Timer,False
System.Timers.TimersDescriptionAttribute,False
System.TimeSpan,False
System.ValueType,False
TMPro._HorizontalAlignmentOptions,False
TMPro._VerticalAlignmentOptions,False
TMPro.AtlasPopulationMode,False
TMPro.CaretInfo,False
TMPro.CaretPosition,False
TMPro.ColorMode,False
TMPro.Compute_DistanceTransform_EventTypes,False
TMPro.Compute_DT_EventArgs,False
TMPro.Extents,False
TMPro.FaceInfo_Legacy,False
TMPro.FastAction,False
TMPro.FontAssetCreationSettings,False
TMPro.FontFeatureLookupFlags,False
TMPro.FontStyles,False
TMPro.FontWeight,False
TMPro.GlyphPairKey,False
TMPro.GlyphValueRecord_Legacy,False
TMPro.KerningPair,False
TMPro.KerningPairKey,False
TMPro.KerningTable,False
TMPro.MaskingOffsetMode,False
TMPro.MaskingTypes,False
TMPro.MaterialReference,False
TMPro.MaterialReferenceManager,False
TMPro.Mesh_Extents,False
TMPro.RichTextTagAttribute,False
TMPro.ShaderUtilities,False
TMPro.TagAttribute,False
TMPro.TagUnitType,False
TMPro.TagValueType,False
TMPro.TextAlignmentOptions,False
TMPro.TextContainer,False
TMPro.TextContainerAnchors,False
TMPro.TextElementType,False
TMPro.TextMeshPro,False
TMPro.TextMeshProUGUI,False
TMPro.TextOverflowModes,False
TMPro.TextRenderFlags,False
TMPro.TextureMappingOptions,False
TMPro.TMP_Asset,False
TMPro.TMP_Character,False
TMPro.TMP_CharacterInfo,False
TMPro.TMP_ColorGradient,False
TMPro.TMP_DefaultControls,False
TMPro.TMP_DefaultControls.Resources,False
TMPro.TMP_Dropdown,False
TMPro.TMP_Dropdown.DropdownEvent,False
TMPro.TMP_Dropdown.OptionData,False
TMPro.TMP_Dropdown.OptionDataList,False
TMPro.TMP_FontAsset,False
TMPro.TMP_FontFeatureTable,False
TMPro.TMP_FontStyleStack,False
TMPro.TMP_FontUtilities,False
TMPro.TMP_FontWeightPair,False
TMPro.TMP_Glyph,False
TMPro.TMP_GlyphAdjustmentRecord,False
TMPro.TMP_GlyphPairAdjustmentRecord,False
TMPro.TMP_GlyphValueRecord,False
TMPro.TMP_InputField,False
TMPro.TMP_InputField.CharacterValidation,False
TMPro.TMP_InputField.ContentType,False
TMPro.TMP_InputField.InputType,False
TMPro.TMP_InputField.LineType,False
TMPro.TMP_InputField.OnChangeEvent,False
TMPro.TMP_InputField.SelectionEvent,False
TMPro.TMP_InputField.SubmitEvent,False
TMPro.TMP_InputField.TextSelectionEvent,False
TMPro.TMP_InputField.TouchScreenKeyboardEvent,False
TMPro.TMP_InputValidator,False
TMPro.TMP_LineInfo,False
TMPro.TMP_LinkInfo,False
TMPro.TMP_MaterialManager,False
TMPro.TMP_Math,False
TMPro.TMP_MeshInfo,False
TMPro.TMP_PageInfo,False
TMPro.TMP_ScrollbarEventHandler,False
TMPro.TMP_SelectionCaret,False
TMPro.TMP_Settings,False
TMPro.TMP_Settings.LineBreakingTable,False
TMPro.TMP_Sprite,False
TMPro.TMP_SpriteAnimator,False
TMPro.TMP_SpriteAsset,False
TMPro.TMP_SpriteCharacter,False
TMPro.TMP_SpriteGlyph,False
TMPro.TMP_SpriteInfo,False
TMPro.TMP_Style,False
TMPro.TMP_StyleSheet,False
TMPro.TMP_SubMesh,False
TMPro.TMP_SubMeshUI,False
TMPro.TMP_Text,False
TMPro.TMP_TextElement,False
TMPro.TMP_TextElement_Legacy,False
TMPro.TMP_TextElementType,False
TMPro.TMP_TextInfo,False
TMPro.TMP_TextParsingUtilities,False
TMPro.TMP_TextUtilities,False
TMPro.TMP_UpdateManager,False
TMPro.TMP_UpdateRegistry,False
TMPro.TMP_Vertex,False
TMPro.TMP_VertexDataUpdateFlags,False
TMPro.TMP_WordInfo,False
TMPro.TMPro_EventManager,False
TMPro.TMPro_ExtensionMethods,False
TMPro.VertexGradient,False
TMPro.VertexSortingOrder,False
TMPro.WordWrapState,False
Unity.Profiling.ProfilerMarker,False
Unity.Profiling.ProfilerMarker.AutoScope,False
UnityEngine.AccelerationEvent,False
UnityEngine.Accessibility.VisionUtility,False
UnityEngine.AddComponentMenu,False
UnityEngine.AdditionalCanvasShaderChannels,False
UnityEngine.AI.NavMesh,False
UnityEngine.AI.NavMeshAgent,False
UnityEngine.AI.NavMeshBuildDebugFlags,False
UnityEngine.AI.NavMeshBuildDebugSettings,False
UnityEngine.AI.NavMeshBuilder,False
UnityEngine.AI.NavMeshBuildMarkup,False
UnityEngine.AI.NavMeshBuildSettings,False
UnityEngine.AI.NavMeshBuildSource,False
UnityEngine.AI.NavMeshBuildSourceShape,False
UnityEngine.AI.NavMeshCollectGeometry,False
UnityEngine.AI.NavMeshData,False
UnityEngine.AI.NavMeshDataInstance,False
UnityEngine.AI.NavMeshHit,False
UnityEngine.AI.NavMeshLinkData,False
UnityEngine.AI.NavMeshLinkInstance,False
UnityEngine.AI.NavMeshObstacle,False
UnityEngine.AI.NavMeshObstacleShape,False
UnityEngine.AI.NavMeshPath,False
UnityEngine.AI.NavMeshPathStatus,False
UnityEngine.AI.NavMeshQueryFilter,False
UnityEngine.AI.NavMeshTriangulation,False
UnityEngine.AI.ObstacleAvoidanceType,False
UnityEngine.AI.OffMeshLink,False
UnityEngine.AI.OffMeshLinkData,False
UnityEngine.AI.OffMeshLinkType,False
UnityEngine.Analytics.Analytics,False
UnityEngine.Analytics.AnalyticsEventPriority,False
UnityEngine.Analytics.AnalyticsResult,False
UnityEngine.Analytics.AnalyticsSessionInfo,False
UnityEngine.Analytics.AnalyticsSessionState,False
UnityEngine.Analytics.ContinuousEvent,False
UnityEngine.Analytics.Gender,False
UnityEngine.Analytics.PerformanceReporting,False
UnityEngine.AnchoredJoint2D,False
UnityEngine.Android.AndroidDevice,False
UnityEngine.Android.Permission,False
UnityEngine.AndroidActivityIndicatorStyle,False
UnityEngine.AndroidInput,False
UnityEngine.AndroidJavaClass,False
UnityEngine.AndroidJavaException,False
UnityEngine.AndroidJavaObject,False
UnityEngine.AndroidJavaProxy,False
UnityEngine.AndroidJNI,False
UnityEngine.AndroidJNIHelper,False
UnityEngine.Animation,False
UnityEngine.AnimationBlendMode,False
UnityEngine.AnimationClip,False
UnityEngine.AnimationCullingType,False
UnityEngine.AnimationCurve,False
UnityEngine.AnimationEvent,False
UnityEngine.AnimationPlayMode,False
UnityEngine.Animations.AimConstraint,False
UnityEngine.Animations.AimConstraint.WorldUpType,False
UnityEngine.Animations.AnimationClipPlayable,False
UnityEngine.Animations.AnimationHumanStream,False
UnityEngine.Animations.AnimationLayerMixerPlayable,False
UnityEngine.Animations.AnimationMixerPlayable,False
UnityEngine.Animations.AnimationPlayableBinding,False
UnityEngine.Animations.AnimationPlayableOutput,False
UnityEngine.Animations.AnimationSceneHandleUtility,False
UnityEngine.Animations.AnimationStream,False
UnityEngine.Animations.AnimationStreamHandleUtility,False
UnityEngine.Animations.AnimatorControllerPlayable,False
UnityEngine.Animations.AnimatorJobExtensions,False
UnityEngine.Animations.Axis,False
UnityEngine.Animations.ConstraintSource,False
UnityEngine.Animations.CustomStreamPropertyType,False
UnityEngine.Animations.LookAtConstraint,False
UnityEngine.Animations.MuscleHandle,False
UnityEngine.Animations.NotKeyableAttribute,False
UnityEngine.Animations.ParentConstraint,False
UnityEngine.Animations.PositionConstraint,False
UnityEngine.Animations.PropertySceneHandle,False
UnityEngine.Animations.PropertyStreamHandle,False
UnityEngine.Animations.RotationConstraint,False
UnityEngine.Animations.ScaleConstraint,False
UnityEngine.Animations.TransformSceneHandle,False
UnityEngine.Animations.TransformStreamHandle,False
UnityEngine.AnimationState,False
UnityEngine.Animator,False
UnityEngine.AnimatorClipInfo,False
UnityEngine.AnimatorControllerParameter,False
UnityEngine.AnimatorControllerParameterType,False
UnityEngine.AnimatorCullingMode,False
UnityEngine.AnimatorOverrideController,False
UnityEngine.AnimatorRecorderMode,False
UnityEngine.AnimatorStateInfo,False
UnityEngine.AnimatorTransitionInfo,False
UnityEngine.AnimatorUpdateMode,False
UnityEngine.AnimatorUtility,False
UnityEngine.AnisotropicFiltering,False
UnityEngine.Apple.ReplayKit.ReplayKit,False
UnityEngine.Application,False
UnityEngine.ApplicationInstallMode,False
UnityEngine.ApplicationSandboxType,False
UnityEngine.AreaEffector2D,False
UnityEngine.ArmDof,False
UnityEngine.AssemblyIsEditorAssembly,False
UnityEngine.AssetBundle,False
UnityEngine.AssetBundleCreateRequest,False
UnityEngine.AssetBundleLoadResult,False
UnityEngine.AssetBundleManifest,False
UnityEngine.AssetBundleRecompressOperation,False
UnityEngine.AssetBundleRequest,False
UnityEngine.AsyncOperation,False
UnityEngine.Audio.AudioClipPlayable,False
UnityEngine.Audio.AudioMixer,False
UnityEngine.Audio.AudioMixerGroup,False
UnityEngine.Audio.AudioMixerPlayable,False
UnityEngine.Audio.AudioMixerSnapshot,False
UnityEngine.Audio.AudioMixerUpdateMode,False
UnityEngine.Audio.AudioPlayableBinding,False
UnityEngine.Audio.AudioPlayableOutput,False
UnityEngine.AudioBehaviour,False
UnityEngine.AudioChorusFilter,False
UnityEngine.AudioClip,False
UnityEngine.AudioClipLoadType,False
UnityEngine.AudioCompressionFormat,False
UnityEngine.AudioConfiguration,False
UnityEngine.AudioDataLoadState,False
UnityEngine.AudioDistortionFilter,False
UnityEngine.AudioEchoFilter,False
UnityEngine.AudioHighPassFilter,False
UnityEngine.AudioListener,False
UnityEngine.AudioLowPassFilter,False
UnityEngine.AudioRenderer,False
UnityEngine.AudioReverbFilter,False
UnityEngine.AudioReverbPreset,False
UnityEngine.AudioReverbZone,False
UnityEngine.AudioRolloffMode,False
UnityEngine.AudioSettings,False
UnityEngine.AudioSettings.Mobile,False
UnityEngine.AudioSource,False
UnityEngine.AudioSourceCurveType,False
UnityEngine.AudioSpeakerMode,False
UnityEngine.AudioType,False
UnityEngine.AudioVelocityUpdateMode,False
UnityEngine.Avatar,False
UnityEngine.AvatarBuilder,False
UnityEngine.AvatarIKGoal,False
UnityEngine.AvatarIKHint,False
UnityEngine.AvatarMask,False
UnityEngine.AvatarMaskBodyPart,False
UnityEngine.AvatarTarget,False
UnityEngine.BatteryStatus,False
UnityEngine.BeforeRenderOrderAttribute,False
UnityEngine.Behaviour,False
UnityEngine.BillboardAsset,False
UnityEngine.BillboardRenderer,False
UnityEngine.BodyDof,False
UnityEngine.BoneWeight,False
UnityEngine.BoneWeight1,False
UnityEngine.BoundingSphere,False
UnityEngine.BoundsInt,False
UnityEngine.BoundsInt.PositionEnumerator,False
UnityEngine.BoxcastCommand,False
UnityEngine.BoxCollider,False
UnityEngine.BoxCollider2D,False
UnityEngine.BuildCompression,False
UnityEngine.BuoyancyEffector2D,False
UnityEngine.Cache,False
UnityEngine.CachedAssetBundle,False
UnityEngine.Camera,False
UnityEngine.Camera.FieldOfViewAxis,False
UnityEngine.Camera.GateFitMode,False
UnityEngine.Camera.GateFitParameters,False
UnityEngine.Camera.MonoOrStereoscopicEye,False
UnityEngine.Camera.StereoscopicEye,False
UnityEngine.CameraClearFlags,False
UnityEngine.CameraType,False
UnityEngine.Canvas,False
UnityEngine.CanvasGroup,False
UnityEngine.CanvasRenderer,False
UnityEngine.CapsulecastCommand,False
UnityEngine.CapsuleCollider,False
UnityEngine.CapsuleCollider2D,False
UnityEngine.CapsuleDirection2D,False
UnityEngine.CharacterController,False
UnityEngine.CharacterInfo,False
UnityEngine.CharacterJoint,False
UnityEngine.CircleCollider2D,False
UnityEngine.Cloth,False
UnityEngine.ClothSkinningCoefficient,False
UnityEngine.ClothSphereColliderPair,False
UnityEngine.Collider,False
UnityEngine.Collider2D,False
UnityEngine.ColliderDistance2D,False
UnityEngine.Collision,False
UnityEngine.Collision2D,False
UnityEngine.CollisionDetectionMode,False
UnityEngine.CollisionDetectionMode2D,False
UnityEngine.CollisionFlags,False
UnityEngine.Color32,False
UnityEngine.ColorGamut,False
UnityEngine.ColorSpace,False
UnityEngine.ColorUsageAttribute,False
UnityEngine.ColorUtility,False
UnityEngine.CombineInstance,False
UnityEngine.Compass,False
UnityEngine.Component,False
UnityEngine.CompositeCollider2D,False
UnityEngine.CompositeCollider2D.GenerationType,False
UnityEngine.CompositeCollider2D.GeometryType,False
UnityEngine.CompressionLevel,False
UnityEngine.CompressionType,False
UnityEngine.ComputeBuffer,False
UnityEngine.ComputeBufferMode,False
UnityEngine.ComputeBufferType,False
UnityEngine.ComputeShader,False
UnityEngine.ConfigurableJoint,False
UnityEngine.ConfigurableJointMotion,False
UnityEngine.ConstantForce,False
UnityEngine.ConstantForce2D,False
UnityEngine.ContactFilter2D,False
UnityEngine.ContactPoint,False
UnityEngine.ContactPoint2D,False
UnityEngine.ContextMenu,False
UnityEngine.ContextMenuItemAttribute,False
UnityEngine.ControllerColliderHit,False
UnityEngine.Coroutine,False
UnityEngine.CrashReport,False
UnityEngine.CreateAssetMenuAttribute,False
UnityEngine.Cubemap,False
UnityEngine.CubemapArray,False
UnityEngine.CubemapFace,False
UnityEngine.CullingGroup,False
UnityEngine.CullingGroupEvent,False
UnityEngine.Cursor,False
UnityEngine.CursorLockMode,False
UnityEngine.CursorMode,False
UnityEngine.CustomRenderTexture,False
UnityEngine.CustomRenderTextureInitializationSource,False
UnityEngine.CustomRenderTextureUpdateMode,False
UnityEngine.CustomRenderTextureUpdateZone,False
UnityEngine.CustomRenderTextureUpdateZoneSpace,False
UnityEngine.CustomYieldInstruction,False
UnityEngine.D3DHDRDisplayBitDepth,False
UnityEngine.Debug,False
UnityEngine.DefaultExecutionOrder,False
UnityEngine.DelayedAttribute,False
UnityEngine.DepthTextureMode,False
UnityEngine.DetailPrototype,False
UnityEngine.DetailRenderMode,False
UnityEngine.DeviceOrientation,False
UnityEngine.DeviceType,False
UnityEngine.Diagnostics.ForcedCrashCategory,False
UnityEngine.Diagnostics.PlayerConnection,False
UnityEngine.Diagnostics.Utils,False
UnityEngine.DisallowMultipleComponent,False
UnityEngine.Display,False
UnityEngine.DistanceJoint2D,False
UnityEngine.DrivenTransformProperties,False
UnityEngine.DurationUnit,False
UnityEngine.DynamicGI,False
UnityEngine.EdgeCollider2D,False
UnityEngine.Effector2D,False
UnityEngine.EffectorForceMode2D,False
UnityEngine.EffectorSelection2D,False
UnityEngine.Event,False
UnityEngine.EventModifiers,False
UnityEngine.Events.PersistentListenerMode,False
UnityEngine.Events.UnityEvent,False
UnityEngine.Events.UnityEvent<bool>,False
UnityEngine.Events.UnityEvent<float>,False
UnityEngine.Events.UnityEvent<int>,False
UnityEngine.Events.UnityEvent<string,int,int>,False
UnityEngine.Events.UnityEvent<string>,False
UnityEngine.Events.UnityEvent<UnityEngine.EventSystems.BaseEventData>,False
UnityEngine.Events.UnityEvent<UnityEngine.TouchScreenKeyboard.Status>,False
UnityEngine.Events.UnityEvent<UnityEngine.Vector2>,False
UnityEngine.Events.UnityEventBase,False
UnityEngine.Events.UnityEventCallState,False
UnityEngine.EventSystems.AbstractEventData,False
UnityEngine.EventSystems.AxisEventData,False
UnityEngine.EventSystems.BaseEventData,False
UnityEngine.EventSystems.BaseInput,False
UnityEngine.EventSystems.BaseInputModule,False
UnityEngine.EventSystems.BaseRaycaster,False
UnityEngine.EventSystems.EventHandle,False
UnityEngine.EventSystems.EventSystem,False
UnityEngine.EventSystems.EventTrigger,False
UnityEngine.EventSystems.EventTrigger.Entry,False
UnityEngine.EventSystems.EventTrigger.TriggerEvent,False
UnityEngine.EventSystems.EventTriggerType,False
UnityEngine.EventSystems.ExecuteEvents,False
UnityEngine.EventSystems.MoveDirection,False
UnityEngine.EventSystems.Physics2DRaycaster,False
UnityEngine.EventSystems.PhysicsRaycaster,False
UnityEngine.EventSystems.PointerEventData,False
UnityEngine.EventSystems.PointerEventData.FramePressState,False
UnityEngine.EventSystems.PointerEventData.InputButton,False
UnityEngine.EventSystems.PointerInputModule,False
UnityEngine.EventSystems.PointerInputModule.MouseButtonEventData,False
UnityEngine.EventSystems.RaycastResult,False
UnityEngine.EventSystems.StandaloneInputModule,False
UnityEngine.EventSystems.UIBehaviour,False
UnityEngine.EventType,False
UnityEngine.ExcludeFromObjectFactoryAttribute,False
UnityEngine.ExcludeFromPresetAttribute,False
UnityEngine.ExecuteAlways,False
UnityEngine.ExecuteInEditMode,False
UnityEngine.ExitGUIException,False
UnityEngine.Experimental.Rendering.RenderGraphModule.DepthAccess,False
UnityEngine.Experimental.Rendering.RenderGraphModule.RenderGraph,False
UnityEngine.Experimental.Rendering.RenderGraphModule.RenderGraphBuilder,False
UnityEngine.Experimental.Rendering.RenderGraphModule.RenderGraphExecuteParams,False
UnityEngine.Experimental.Rendering.RenderGraphModule.RenderGraphMutableResource,False
UnityEngine.Experimental.Rendering.RenderGraphModule.RenderGraphObjectPool,False
UnityEngine.Experimental.Rendering.RenderGraphModule.RenderGraphResource,False
UnityEngine.Experimental.Rendering.RenderGraphModule.RenderGraphResourceRegistry,False
UnityEngine.Experimental.Rendering.RenderGraphModule.TextureDesc,False
UnityEngine.Experimental.Rendering.RenderGraphModule.TextureSizeMode,False
UnityEngine.Experimental.Rendering.Universal.CinemachineUniversalPixelPerfect,False
UnityEngine.Experimental.Rendering.Universal.CompositeShadowCaster2D,False
UnityEngine.Experimental.Rendering.Universal.Light2D,False
UnityEngine.Experimental.Rendering.Universal.Light2D.LightType,False
UnityEngine.Experimental.Rendering.Universal.Light2D.PointLightQuality,False
UnityEngine.Experimental.Rendering.Universal.Light2DBlendStyle,False
UnityEngine.Experimental.Rendering.Universal.PixelPerfectCamera,False
UnityEngine.Experimental.Rendering.Universal.Renderer2DData,False
UnityEngine.Experimental.Rendering.Universal.Renderer2DData.Renderer2DDefaultMaterialType,False
UnityEngine.Experimental.Rendering.Universal.RenderObjects,False
UnityEngine.Experimental.Rendering.Universal.RenderObjects.CustomCameraSettings,False
UnityEngine.Experimental.Rendering.Universal.RenderObjects.FilterSettings,False
UnityEngine.Experimental.Rendering.Universal.RenderObjects.RenderObjectsSettings,False
UnityEngine.Experimental.Rendering.Universal.RenderObjectsPass,False
UnityEngine.Experimental.Rendering.Universal.RenderQueueType,False
UnityEngine.Experimental.Rendering.Universal.ShadowCaster2D,False
UnityEngine.Experimental.Rendering.Universal.ShadowCasterGroup2D,False
UnityEngine.ExposedPropertyResolver,False
UnityEngine.FFTWindow,False
UnityEngine.FilterMode,False
UnityEngine.FingerDof,False
UnityEngine.FixedJoint,False
UnityEngine.FixedJoint2D,False
UnityEngine.Flare,False
UnityEngine.FlareLayer,False
UnityEngine.FocusType,False
UnityEngine.FogMode,False
UnityEngine.Font,False
UnityEngine.FontStyle,False
UnityEngine.ForceMode,False
UnityEngine.ForceMode2D,False
UnityEngine.FrameTiming,False
UnityEngine.FrameTimingManager,False
UnityEngine.FrictionJoint2D,False
UnityEngine.FrustumPlanes,False
UnityEngine.FullScreenMode,False
UnityEngine.FullScreenMovieControlMode,False
UnityEngine.FullScreenMovieScalingMode,False
UnityEngine.GameObject,False
UnityEngine.GeometryUtility,False
UnityEngine.Gizmos,False
UnityEngine.GL,False
UnityEngine.Gradient,False
UnityEngine.GradientAlphaKey,False
UnityEngine.GradientColorKey,False
UnityEngine.GradientMode,False
UnityEngine.GradientUsageAttribute,False
UnityEngine.Graphics,False
UnityEngine.GraphicsBuffer,False
UnityEngine.GraphicsBuffer.Target,False
UnityEngine.Grid,False
UnityEngine.GridLayout,False
UnityEngine.GridLayout.CellLayout,False
UnityEngine.GridLayout.CellSwizzle,False
UnityEngine.GUI,False
UnityEngine.GUI.ClipScope,False
UnityEngine.GUI.GroupScope,False
UnityEngine.GUI.Scope,False
UnityEngine.GUI.ScrollViewScope,False
UnityEngine.GUI.ToolbarButtonSize,False
UnityEngine.GUIContent,False
UnityEngine.GUILayout,False
UnityEngine.GUILayout.AreaScope,False
UnityEngine.GUILayout.HorizontalScope,False
UnityEngine.GUILayout.ScrollViewScope,False
UnityEngine.GUILayout.VerticalScope,False
UnityEngine.GUILayoutOption,False
UnityEngine.GUILayoutUtility,False
UnityEngine.GUISettings,False
UnityEngine.GUISkin,False
UnityEngine.GUIStyle,False
UnityEngine.GUIStyleState,False
UnityEngine.GUITargetAttribute,False
UnityEngine.GUIUtility,False
UnityEngine.Gyroscope,False
UnityEngine.Handheld,False
UnityEngine.Hash128,False
UnityEngine.HashUtilities,False
UnityEngine.HDROutputSettings,False
UnityEngine.HeadDof,False
UnityEngine.HeaderAttribute,False
UnityEngine.HelpURLAttribute,False
UnityEngine.HideFlags,False
UnityEngine.HideInInspector,False
UnityEngine.HingeJoint,False
UnityEngine.HingeJoint2D,False
UnityEngine.HorizontalWrapMode,False
UnityEngine.HumanBodyBones,False
UnityEngine.HumanBone,False
UnityEngine.HumanDescription,False
UnityEngine.HumanLimit,False
UnityEngine.HumanPartDof,False
UnityEngine.HumanPose,False
UnityEngine.HumanPoseHandler,False
UnityEngine.HumanTrait,False
UnityEngine.ImageConversion,False
UnityEngine.ImageEffectAfterScale,False
UnityEngine.ImageEffectAllowedInSceneView,False
UnityEngine.ImageEffectOpaque,False
UnityEngine.ImageEffectTransformsToLDR,False
UnityEngine.ImageEffectUsesCommandBuffer,False
UnityEngine.ImagePosition,False
UnityEngine.IMECompositionMode,False
UnityEngine.Input,False
UnityEngine.InspectorNameAttribute,False
UnityEngine.IntegratedSubsystem,False
UnityEngine.IntegratedSubsystem<UnityEngine.Subsystems.ExampleSubsystemDescriptor>,False
UnityEngine.IntegratedSubsystem<UnityEngine.XR.XRDisplaySubsystemDescriptor>,False
UnityEngine.IntegratedSubsystem<UnityEngine.XR.XRInputSubsystemDescriptor>,False
UnityEngine.IntegratedSubsystem<UnityEngine.XR.XRMeshSubsystemDescriptor>,False
UnityEngine.IntegratedSubsystemDescriptor,False
UnityEngine.IntegratedSubsystemDescriptor<UnityEngine.Subsystems.ExampleSubsystem>,False
UnityEngine.IntegratedSubsystemDescriptor<UnityEngine.XR.XRDisplaySubsystem>,False
UnityEngine.IntegratedSubsystemDescriptor<UnityEngine.XR.XRInputSubsystem>,False
UnityEngine.IntegratedSubsystemDescriptor<UnityEngine.XR.XRMeshSubsystem>,False
UnityEngine.iOS.ActivityIndicatorStyle,False
UnityEngine.iOS.Device,False
UnityEngine.iOS.DeviceGeneration,False
UnityEngine.iOS.OnDemandResources,False
UnityEngine.iOS.OnDemandResourcesRequest,False
UnityEngine.iOS.SystemGestureDeferMode,False
UnityEngine.iPhoneSettings,False
UnityEngine.Joint,False
UnityEngine.Joint2D,False
UnityEngine.JointAngleLimits2D,False
UnityEngine.JointDrive,False
UnityEngine.JointLimits,False
UnityEngine.JointLimitState2D,False
UnityEngine.JointMotor,False
UnityEngine.JointMotor2D,False
UnityEngine.JointProjectionMode,False
UnityEngine.JointSpring,False
UnityEngine.JointSuspension2D,False
UnityEngine.JointTranslationLimits2D,False
UnityEngine.JsonUtility,False
UnityEngine.jvalue,False
UnityEngine.KeyCode,False
UnityEngine.Keyframe,False
UnityEngine.LegDof,False
UnityEngine.LensFlare,False
UnityEngine.Light,False
UnityEngine.LightBakingOutput,False
UnityEngine.LightmapBakeType,False
UnityEngine.LightmapData,False
UnityEngine.LightmapSettings,False
UnityEngine.LightmapsMode,False
UnityEngine.LightmapsModeLegacy,False
UnityEngine.LightProbeGroup,False
UnityEngine.LightProbeProxyVolume,False
UnityEngine.LightProbeProxyVolume.BoundingBoxMode,False
UnityEngine.LightProbeProxyVolume.ProbePositionMode,False
UnityEngine.LightProbeProxyVolume.QualityMode,False
UnityEngine.LightProbeProxyVolume.RefreshMode,False
UnityEngine.LightProbeProxyVolume.ResolutionMode,False
UnityEngine.LightProbes,False
UnityEngine.LightRenderMode,False
UnityEngine.LightShadowCasterMode,False
UnityEngine.LightShadows,False
UnityEngine.LightShape,False
UnityEngine.LightType,False
UnityEngine.LineAlignment,False
UnityEngine.LineRenderer,False
UnityEngine.LineTextureMode,False
UnityEngine.LineUtility,False
UnityEngine.LocalizationAsset,False
UnityEngine.LocationInfo,False
UnityEngine.LocationService,False
UnityEngine.LocationServiceStatus,False
UnityEngine.LOD,False
UnityEngine.LODFadeMode,False
UnityEngine.LODGroup,False
UnityEngine.Logger,False
UnityEngine.LogOption,False
UnityEngine.LogType,False
UnityEngine.MatchTargetWeightMask,False
UnityEngine.Material,False
UnityEngine.MaterialGlobalIlluminationFlags,False
UnityEngine.MaterialPropertyBlock,False
UnityEngine.Matrix4x4,False
UnityEngine.Mesh,False
UnityEngine.MeshCollider,False
UnityEngine.MeshColliderCookingOptions,False
UnityEngine.MeshFilter,False
UnityEngine.MeshRenderer,False
UnityEngine.MeshTopology,False
UnityEngine.Microphone,False
UnityEngine.MinAttribute,False
UnityEngine.MissingComponentException,False
UnityEngine.MissingReferenceException,False
UnityEngine.MixedLightingMode,False
UnityEngine.MonoBehaviour,False
UnityEngine.Motion,False
UnityEngine.MotionVectorGenerationMode,False
UnityEngine.MultilineAttribute,False
UnityEngine.NetworkReachability,False
UnityEngine.NPOTSupport,False
UnityEngine.Object,False
UnityEngine.OcclusionArea,False
UnityEngine.OcclusionPortal,False
UnityEngine.OperatingSystemFamily,False
UnityEngine.ParticleCollisionEvent,False
UnityEngine.ParticlePhysicsExtensions,False
UnityEngine.ParticleSystem,False
UnityEngine.ParticleSystem.Burst,False
UnityEngine.ParticleSystem.CollisionModule,False
UnityEngine.ParticleSystem.ColorBySpeedModule,False
UnityEngine.ParticleSystem.ColorOverLifetimeModule,False
UnityEngine.ParticleSystem.CustomDataModule,False
UnityEngine.ParticleSystem.EmissionModule,False
UnityEngine.ParticleSystem.EmitParams,False
UnityEngine.ParticleSystem.ExternalForcesModule,False
UnityEngine.ParticleSystem.ForceOverLifetimeModule,False
UnityEngine.ParticleSystem.InheritVelocityModule,False
UnityEngine.ParticleSystem.LightsModule,False
UnityEngine.ParticleSystem.LimitVelocityOverLifetimeModule,False
UnityEngine.ParticleSystem.MainModule,False
UnityEngine.ParticleSystem.MinMaxCurve,False
UnityEngine.ParticleSystem.MinMaxGradient,False
UnityEngine.ParticleSystem.NoiseModule,False
UnityEngine.ParticleSystem.Particle,False
UnityEngine.ParticleSystem.PlaybackState,False
UnityEngine.ParticleSystem.RotationBySpeedModule,False
UnityEngine.ParticleSystem.RotationOverLifetimeModule,False
UnityEngine.ParticleSystem.ShapeModule,False
UnityEngine.ParticleSystem.SizeBySpeedModule,False
UnityEngine.ParticleSystem.SizeOverLifetimeModule,False
UnityEngine.ParticleSystem.SubEmittersModule,False
UnityEngine.ParticleSystem.TextureSheetAnimationModule,False
UnityEngine.ParticleSystem.TrailModule,False
UnityEngine.ParticleSystem.Trails,False
UnityEngine.ParticleSystem.TriggerModule,False
UnityEngine.ParticleSystem.VelocityOverLifetimeModule,False
UnityEngine.ParticleSystemAnimationMode,False
UnityEngine.ParticleSystemAnimationRowMode,False
UnityEngine.ParticleSystemAnimationTimeMode,False
UnityEngine.ParticleSystemAnimationType,False
UnityEngine.ParticleSystemCollisionMode,False
UnityEngine.ParticleSystemCollisionQuality,False
UnityEngine.ParticleSystemCollisionType,False
UnityEngine.ParticleSystemCullingMode,False
UnityEngine.ParticleSystemCurveMode,False
UnityEngine.ParticleSystemCustomData,False
UnityEngine.ParticleSystemCustomDataMode,False
UnityEngine.ParticleSystemEmitterVelocityMode,False
UnityEngine.ParticleSystemForceField,False
UnityEngine.ParticleSystemForceFieldShape,False
UnityEngine.ParticleSystemGameObjectFilter,False
UnityEngine.ParticleSystemGradientMode,False
UnityEngine.ParticleSystemInheritVelocityMode,False
UnityEngine.ParticleSystemMeshShapeType,False
UnityEngine.ParticleSystemNoiseQuality,False
UnityEngine.ParticleSystemOverlapAction,False
UnityEngine.ParticleSystemRenderer,False
UnityEngine.ParticleSystemRenderMode,False
UnityEngine.ParticleSystemRenderSpace,False
UnityEngine.ParticleSystemRingBufferMode,False
UnityEngine.ParticleSystemScalingMode,False
UnityEngine.ParticleSystemShapeMultiModeValue,False
UnityEngine.ParticleSystemShapeTextureChannel,False
UnityEngine.ParticleSystemShapeType,False
UnityEngine.ParticleSystemSimulationSpace,False
UnityEngine.ParticleSystemSortMode,False
UnityEngine.ParticleSystemStopAction,False
UnityEngine.ParticleSystemStopBehavior,False
UnityEngine.ParticleSystemSubEmitterProperties,False
UnityEngine.ParticleSystemSubEmitterType,False
UnityEngine.ParticleSystemTrailMode,False
UnityEngine.ParticleSystemTrailTextureMode,False
UnityEngine.ParticleSystemTriggerEventType,False
UnityEngine.ParticleSystemVertexStream,False
UnityEngine.PatchExtents,False
UnityEngine.PhysicMaterial,False
UnityEngine.PhysicMaterialCombine,False
UnityEngine.Physics,False
UnityEngine.Physics2D,False
UnityEngine.PhysicsJobOptions2D,False
UnityEngine.PhysicsMaterial2D,False
UnityEngine.PhysicsScene,False
UnityEngine.PhysicsScene2D,False
UnityEngine.PhysicsSceneExtensions,False
UnityEngine.PhysicsSceneExtensions2D,False
UnityEngine.PhysicsUpdateBehaviour2D,False
UnityEngine.Ping,False
UnityEngine.PlatformEffector2D,False
UnityEngine.Playables.AnimationPlayableUtilities,False
UnityEngine.Playables.DirectorUpdateMode,False
UnityEngine.Playables.DirectorWrapMode,False
UnityEngine.Playables.FrameData,False
UnityEngine.Playables.FrameData.EvaluationType,False
UnityEngine.Playables.Notification,False
UnityEngine.Playables.Playable,False
UnityEngine.Playables.PlayableAsset,False
UnityEngine.Playables.PlayableBehaviour,False
UnityEngine.Playables.PlayableBinding,False
UnityEngine.Playables.PlayableDirector,False
UnityEngine.Playables.PlayableHandle,False
UnityEngine.Playables.PlayableOutput,False
UnityEngine.Playables.PlayableOutputHandle,False
UnityEngine.Playables.PlayableTraversalMode,False
UnityEngine.Playables.PlayState,False
UnityEngine.Playables.ScriptPlayableBinding,False
UnityEngine.Playables.ScriptPlayableOutput,False
UnityEngine.PlayerLoop.EarlyUpdate,False
UnityEngine.PlayerLoop.EarlyUpdate.AnalyticsCoreStatsUpdate,False
UnityEngine.PlayerLoop.EarlyUpdate.ClearIntermediateRenderers,False
UnityEngine.PlayerLoop.EarlyUpdate.ClearLines,False
UnityEngine.PlayerLoop.EarlyUpdate.DeliverIosPlatformEvents,False
UnityEngine.PlayerLoop.EarlyUpdate.DispatchEventQueueEvents,False
UnityEngine.PlayerLoop.EarlyUpdate.ExecuteMainThreadJobs,False
UnityEngine.PlayerLoop.EarlyUpdate.GpuTimestamp,False
UnityEngine.PlayerLoop.EarlyUpdate.PerformanceAnalyticsUpdate,False
UnityEngine.PlayerLoop.EarlyUpdate.PhysicsResetInterpolatedTransformPosition,False
UnityEngine.PlayerLoop.EarlyUpdate.PlayerCleanupCachedData,False
UnityEngine.PlayerLoop.EarlyUpdate.PollHtcsPlayerConnection,False
UnityEngine.PlayerLoop.EarlyUpdate.PollPlayerConnection,False
UnityEngine.PlayerLoop.EarlyUpdate.PresentBeforeUpdate,False
UnityEngine.PlayerLoop.EarlyUpdate.ProcessMouseInWindow,False
UnityEngine.PlayerLoop.EarlyUpdate.ProcessRemoteInput,False
UnityEngine.PlayerLoop.EarlyUpdate.ProfilerStartFrame,False
UnityEngine.PlayerLoop.EarlyUpdate.RendererNotifyInvisible,False
UnityEngine.PlayerLoop.EarlyUpdate.ResetFrameStatsAfterPresent,False
UnityEngine.PlayerLoop.EarlyUpdate.ScriptRunDelayedStartupFrame,False
UnityEngine.PlayerLoop.EarlyUpdate.SpriteAtlasManagerUpdate,False
UnityEngine.PlayerLoop.EarlyUpdate.TangoUpdate,False
UnityEngine.PlayerLoop.EarlyUpdate.UnityWebRequestUpdate,False
UnityEngine.PlayerLoop.EarlyUpdate.UpdateAsyncReadbackManager,False
UnityEngine.PlayerLoop.EarlyUpdate.UpdateCanvasRectTransform,False
UnityEngine.PlayerLoop.EarlyUpdate.UpdateInputManager,False
UnityEngine.PlayerLoop.EarlyUpdate.UpdateKinect,False
UnityEngine.PlayerLoop.EarlyUpdate.UpdateMainGameViewRect,False
UnityEngine.PlayerLoop.EarlyUpdate.UpdatePreloading,False
UnityEngine.PlayerLoop.EarlyUpdate.UpdateStreamingManager,False
UnityEngine.PlayerLoop.EarlyUpdate.UpdateTextureStreamingManager,False
UnityEngine.PlayerLoop.EarlyUpdate.XRUpdate,False
UnityEngine.PlayerLoop.FixedUpdate,False
UnityEngine.PlayerLoop.FixedUpdate.AudioFixedUpdate,False
UnityEngine.PlayerLoop.FixedUpdate.ClearLines,False
UnityEngine.PlayerLoop.FixedUpdate.DirectorFixedSampleTime,False
UnityEngine.PlayerLoop.FixedUpdate.DirectorFixedUpdate,False
UnityEngine.PlayerLoop.FixedUpdate.DirectorFixedUpdatePostPhysics,False
UnityEngine.PlayerLoop.FixedUpdate.LegacyFixedAnimationUpdate,False
UnityEngine.PlayerLoop.FixedUpdate.NewInputFixedUpdate,False
UnityEngine.PlayerLoop.FixedUpdate.Physics2DFixedUpdate,False
UnityEngine.PlayerLoop.FixedUpdate.PhysicsFixedUpdate,False
UnityEngine.PlayerLoop.FixedUpdate.ScriptRunBehaviourFixedUpdate,False
UnityEngine.PlayerLoop.FixedUpdate.ScriptRunDelayedFixedFrameRate,False
UnityEngine.PlayerLoop.FixedUpdate.XRFixedUpdate,False
UnityEngine.PlayerLoop.Initialization,False
UnityEngine.PlayerLoop.Initialization.AsyncUploadTimeSlicedUpdate,False
UnityEngine.PlayerLoop.Initialization.DirectorSampleTime,False
UnityEngine.PlayerLoop.Initialization.PlayerUpdateTime,False
UnityEngine.PlayerLoop.Initialization.SynchronizeInputs,False
UnityEngine.PlayerLoop.Initialization.SynchronizeState,False
UnityEngine.PlayerLoop.Initialization.XREarlyUpdate,False
UnityEngine.PlayerLoop.PostLateUpdate,False
UnityEngine.PlayerLoop.PostLateUpdate.BatchModeUpdate,False
UnityEngine.PlayerLoop.PostLateUpdate.ClearImmediateRenderers,False
UnityEngine.PlayerLoop.PostLateUpdate.DirectorLateUpdate,False
UnityEngine.PlayerLoop.PostLateUpdate.DirectorRenderImage,False
UnityEngine.PlayerLoop.PostLateUpdate.EndGraphicsJobsAfterScriptLateUpdate,False
UnityEngine.PlayerLoop.PostLateUpdate.EnlightenRuntimeUpdate,False
UnityEngine.PlayerLoop.PostLateUpdate.ExecuteGameCenterCallbacks,False
UnityEngine.PlayerLoop.PostLateUpdate.FinishFrameRendering,False
UnityEngine.PlayerLoop.PostLateUpdate.GUIClearEvents,False
UnityEngine.PlayerLoop.PostLateUpdate.InputEndFrame,False
UnityEngine.PlayerLoop.PostLateUpdate.MemoryFrameMaintenance,False
UnityEngine.PlayerLoop.PostLateUpdate.ParticleSystemEndUpdateAll,False
UnityEngine.PlayerLoop.PostLateUpdate.PhysicsSkinnedClothBeginUpdate,False
UnityEngine.PlayerLoop.PostLateUpdate.PhysicsSkinnedClothFinishUpdate,False
UnityEngine.PlayerLoop.PostLateUpdate.PlayerEmitCanvasGeometry,False
UnityEngine.PlayerLoop.PostLateUpdate.PlayerSendFrameComplete,False
UnityEngine.PlayerLoop.PostLateUpdate.PlayerSendFramePostPresent,False
UnityEngine.PlayerLoop.PostLateUpdate.PlayerSendFrameStarted,False
UnityEngine.PlayerLoop.PostLateUpdate.PlayerUpdateCanvases,False
UnityEngine.PlayerLoop.PostLateUpdate.PresentAfterDraw,False
UnityEngine.PlayerLoop.PostLateUpdate.ProcessWebSendMessages,False
UnityEngine.PlayerLoop.PostLateUpdate.ProfilerEndFrame,False
UnityEngine.PlayerLoop.PostLateUpdate.ProfilerSynchronizeStats,False
UnityEngine.PlayerLoop.PostLateUpdate.ResetInputAxis,False
UnityEngine.PlayerLoop.PostLateUpdate.ScriptRunDelayedDynamicFrameRate,False
UnityEngine.PlayerLoop.PostLateUpdate.ShaderHandleErrors,False
UnityEngine.PlayerLoop.PostLateUpdate.SortingGroupsUpdate,False
UnityEngine.PlayerLoop.PostLateUpdate.ThreadedLoadingDebug,False
UnityEngine.PlayerLoop.PostLateUpdate.TriggerEndOfFrameCallbacks,False
UnityEngine.PlayerLoop.PostLateUpdate.UpdateAllRenderers,False
UnityEngine.PlayerLoop.PostLateUpdate.UpdateAllSkinnedMeshes,False
UnityEngine.PlayerLoop.PostLateUpdate.UpdateAudio,False
UnityEngine.PlayerLoop.PostLateUpdate.UpdateCanvasRectTransform,False
UnityEngine.PlayerLoop.PostLateUpdate.UpdateCaptureScreenshot,False
UnityEngine.PlayerLoop.PostLateUpdate.UpdateCustomRenderTextures,False
UnityEngine.PlayerLoop.PostLateUpdate.UpdateRectTransform,False
UnityEngine.PlayerLoop.PostLateUpdate.UpdateResolution,False
UnityEngine.PlayerLoop.PostLateUpdate.UpdateSubstance,False
UnityEngine.PlayerLoop.PostLateUpdate.UpdateVideo,False
UnityEngine.PlayerLoop.PostLateUpdate.UpdateVideoTextures,False
UnityEngine.PlayerLoop.PostLateUpdate.VFXUpdate,False
UnityEngine.PlayerLoop.PostLateUpdate.XRPostPresent,False
UnityEngine.PlayerLoop.PreLateUpdate,False
UnityEngine.PlayerLoop.PreLateUpdate.AIUpdatePostScript,False
UnityEngine.PlayerLoop.PreLateUpdate.ConstraintManagerUpdate,False
UnityEngine.PlayerLoop.PreLateUpdate.DirectorDeferredEvaluate,False
UnityEngine.PlayerLoop.PreLateUpdate.DirectorUpdateAnimationBegin,False
UnityEngine.PlayerLoop.PreLateUpdate.DirectorUpdateAnimationEnd,False
UnityEngine.PlayerLoop.PreLateUpdate.EndGraphicsJobsAfterScriptUpdate,False
UnityEngine.PlayerLoop.PreLateUpdate.LegacyAnimationUpdate,False
UnityEngine.PlayerLoop.PreLateUpdate.ParticleSystemBeginUpdateAll,False
UnityEngine.PlayerLoop.PreLateUpdate.ScriptRunBehaviourLateUpdate,False
UnityEngine.PlayerLoop.PreLateUpdate.UNetUpdate,False
UnityEngine.PlayerLoop.PreLateUpdate.UpdateMasterServerInterface,False
UnityEngine.PlayerLoop.PreLateUpdate.UpdateNetworkManager,False
UnityEngine.PlayerLoop.PreUpdate,False
UnityEngine.PlayerLoop.PreUpdate.AIUpdate,False
UnityEngine.PlayerLoop.PreUpdate.CheckTexFieldInput,False
UnityEngine.PlayerLoop.PreUpdate.IMGUISendQueuedEvents,False
UnityEngine.PlayerLoop.PreUpdate.NewInputUpdate,False
UnityEngine.PlayerLoop.PreUpdate.Physics2DUpdate,False
UnityEngine.PlayerLoop.PreUpdate.PhysicsUpdate,False
UnityEngine.PlayerLoop.PreUpdate.SendMouseEvents,False
UnityEngine.PlayerLoop.PreUpdate.UpdateVideo,False
UnityEngine.PlayerLoop.PreUpdate.WindUpdate,False
UnityEngine.PlayerLoop.Update,False
UnityEngine.PlayerLoop.Update.DirectorUpdate,False
UnityEngine.PlayerLoop.Update.ScriptRunBehaviourUpdate,False
UnityEngine.PlayerLoop.Update.ScriptRunDelayedDynamicFrameRate,False
UnityEngine.PlayerLoop.Update.ScriptRunDelayedTasks,False
UnityEngine.PlayerPrefs,False
UnityEngine.PlayerPrefsException,False
UnityEngine.PlayMode,False
UnityEngine.PointEffector2D,False
UnityEngine.PointerType,False
UnityEngine.PolygonCollider2D,False
UnityEngine.Pose,False
UnityEngine.PreferBinarySerialization,False
UnityEngine.PrimitiveType,False
UnityEngine.Profiling.CustomSampler,False
UnityEngine.Profiling.Profiler,False
UnityEngine.Profiling.ProfilerArea,False
UnityEngine.Profiling.Recorder,False
UnityEngine.Profiling.Sampler,False
UnityEngine.Projector,False
UnityEngine.PropertyAttribute,False
UnityEngine.PropertyName,False
UnityEngine.QualitySettings,False
UnityEngine.QueryTriggerInteraction,False
UnityEngine.QueueMode,False
UnityEngine.Random,False
UnityEngine.Random.State,False
UnityEngine.RangeAttribute,False
UnityEngine.RangeInt,False
UnityEngine.Ray2D,False
UnityEngine.RaycastCommand,False
UnityEngine.RaycastHit2D,False
UnityEngine.ReceiveGI,False
UnityEngine.Rect,False
UnityEngine.RectInt,False
UnityEngine.RectInt.PositionEnumerator,False
UnityEngine.RectOffset,False
UnityEngine.RectTransform,False
UnityEngine.RectTransform.Axis,False
UnityEngine.RectTransform.Edge,False
UnityEngine.RectTransformUtility,False
UnityEngine.ReflectionProbe,False
UnityEngine.ReflectionProbe.ReflectionProbeEvent,False
UnityEngine.RelativeJoint2D,False
UnityEngine.RemoteConfigSettings,False
UnityEngine.RemoteSettings,False
UnityEngine.RenderBuffer,False
UnityEngine.Renderer,False
UnityEngine.RendererExtensions,False
UnityEngine.Rendering.AmbientMode,False
UnityEngine.Rendering.AnimationCurveParameter,False
UnityEngine.Rendering.AsyncGPUReadback,False
UnityEngine.Rendering.AsyncGPUReadbackRequest,False
UnityEngine.Rendering.AttachmentDescriptor,False
UnityEngine.Rendering.BatchCullingContext,False
UnityEngine.Rendering.BatchRendererGroup,False
UnityEngine.Rendering.BatchVisibility,False
UnityEngine.Rendering.BitArray128,False
UnityEngine.Rendering.BitArray16,False
UnityEngine.Rendering.BitArray256,False
UnityEngine.Rendering.BitArray32,False
UnityEngine.Rendering.BitArray64,False
UnityEngine.Rendering.BitArray8,False
UnityEngine.Rendering.BitArrayUtilities,False
UnityEngine.Rendering.BlendMode,False
UnityEngine.Rendering.BlendOp,False
UnityEngine.Rendering.BlendState,False
UnityEngine.Rendering.BoolParameter,False
UnityEngine.Rendering.BufferedRTHandleSystem,False
UnityEngine.Rendering.BuiltinRenderTextureType,False
UnityEngine.Rendering.BuiltinShaderDefine,False
UnityEngine.Rendering.BuiltinShaderMode,False
UnityEngine.Rendering.BuiltinShaderType,False
UnityEngine.Rendering.CameraCaptureBridge,False
UnityEngine.Rendering.CameraEvent,False
UnityEngine.Rendering.CameraHDRMode,False
UnityEngine.Rendering.CameraProperties,False
UnityEngine.Rendering.CameraSwitcher,False
UnityEngine.Rendering.ClampedFloatParameter,False
UnityEngine.Rendering.ClampedIntParameter,False
UnityEngine.Rendering.ClearFlag,False
UnityEngine.Rendering.ColorParameter,False
UnityEngine.Rendering.ColorUtils,False
UnityEngine.Rendering.ColorWriteMask,False
UnityEngine.Rendering.CommandBuffer,False
UnityEngine.Rendering.CommandBufferExecutionFlags,False
UnityEngine.Rendering.CommandBufferPool,False
UnityEngine.Rendering.CompareFunction,False
UnityEngine.Rendering.ComputeQueueType,False
UnityEngine.Rendering.CopyTextureSupport,False
UnityEngine.Rendering.CoreUtils,False
UnityEngine.Rendering.CubemapParameter,False
UnityEngine.Rendering.CullingOptions,False
UnityEngine.Rendering.CullingResults,False
UnityEngine.Rendering.CullMode,False
UnityEngine.Rendering.DebugManager,False
UnityEngine.Rendering.DebugShapes,False
UnityEngine.Rendering.DebugUI,False
UnityEngine.Rendering.DebugUI.BitField,False
UnityEngine.Rendering.DebugUI.BoolField,False
UnityEngine.Rendering.DebugUI.Button,False
UnityEngine.Rendering.DebugUI.ColorField,False
UnityEngine.Rendering.DebugUI.Container,False
UnityEngine.Rendering.DebugUI.EnumField,False
UnityEngine.Rendering.DebugUI.Field<bool>,False
UnityEngine.Rendering.DebugUI.Field<float>,False
UnityEngine.Rendering.DebugUI.Field<int>,False
UnityEngine.Rendering.DebugUI.Field<System.Enum>,False
UnityEngine.Rendering.DebugUI.Field<uint>,False
UnityEngine.Rendering.DebugUI.Field<UnityEngine.Color>,False
UnityEngine.Rendering.DebugUI.Field<UnityEngine.Vector2>,False
UnityEngine.Rendering.DebugUI.Field<UnityEngine.Vector3>,False
UnityEngine.Rendering.DebugUI.Field<UnityEngine.Vector4>,False
UnityEngine.Rendering.DebugUI.Flags,False
UnityEngine.Rendering.DebugUI.FloatField,False
UnityEngine.Rendering.DebugUI.Foldout,False
UnityEngine.Rendering.DebugUI.HBox,False
UnityEngine.Rendering.DebugUI.HistoryBoolField,False
UnityEngine.Rendering.DebugUI.HistoryEnumField,False
UnityEngine.Rendering.DebugUI.IntField,False
UnityEngine.Rendering.DebugUI.Panel,False
UnityEngine.Rendering.DebugUI.UIntField,False
UnityEngine.Rendering.DebugUI.Value,False
UnityEngine.Rendering.DebugUI.VBox,False
UnityEngine.Rendering.DebugUI.Vector2Field,False
UnityEngine.Rendering.DebugUI.Vector3Field,False
UnityEngine.Rendering.DebugUI.Vector4Field,False
UnityEngine.Rendering.DebugUI.Widget,False
UnityEngine.Rendering.DefaultReflectionMode,False
UnityEngine.Rendering.DelegateUtility,False
UnityEngine.Rendering.DepthBits,False
UnityEngine.Rendering.DepthState,False
UnityEngine.Rendering.DistanceMetric,False
UnityEngine.Rendering.DocumentationInfo,False
UnityEngine.Rendering.DrawingSettings,False
UnityEngine.Rendering.DynamicResolutionHandler,False
UnityEngine.Rendering.DynamicResolutionType,False
UnityEngine.Rendering.DynamicResScalePolicyType,False
UnityEngine.Rendering.DynamicResUpscaleFilter,False
UnityEngine.Rendering.FieldPacking,False
UnityEngine.Rendering.FieldPrecision,False
UnityEngine.Rendering.FilteringSettings,False
UnityEngine.Rendering.FloatParameter,False
UnityEngine.Rendering.FloatRangeParameter,False
UnityEngine.Rendering.FormatSwizzle,False
UnityEngine.Rendering.FreeCamera,False
UnityEngine.Rendering.GenerateHLSL,False
UnityEngine.Rendering.GizmoSubset,False
UnityEngine.Rendering.GlobalDynamicResolutionSettings,False
UnityEngine.Rendering.GraphicsDeviceType,False
UnityEngine.Rendering.GraphicsFence,False
UnityEngine.Rendering.GraphicsFenceType,False
UnityEngine.Rendering.GraphicsSettings,False
UnityEngine.Rendering.GraphicsTier,False
UnityEngine.Rendering.HableCurve,False
UnityEngine.Rendering.HableCurve.Segment,False
UnityEngine.Rendering.HableCurve.Uniforms,False
UnityEngine.Rendering.HaltonSequence,False
UnityEngine.Rendering.HLSLArray,False
UnityEngine.Rendering.IndexFormat,False
UnityEngine.Rendering.IntParameter,False
UnityEngine.Rendering.LayerMaskParameter,False
UnityEngine.Rendering.LightEvent,False
UnityEngine.Rendering.LightProbeUsage,False
UnityEngine.Rendering.LightShadowResolution,False
UnityEngine.Rendering.LODParameters,False
UnityEngine.Rendering.LookDev.Sky,False
UnityEngine.Rendering.LookDev.StageRuntimeInterface,False
UnityEngine.Rendering.MaxFloatParameter,False
UnityEngine.Rendering.MaxIntParameter,False
UnityEngine.Rendering.MeshUpdateFlags,False
UnityEngine.Rendering.MinFloatParameter,False
UnityEngine.Rendering.MinIntParameter,False
UnityEngine.Rendering.MousePositionDebug,False
UnityEngine.Rendering.MSAASamples,False
UnityEngine.Rendering.NoInterpClampedFloatParameter,False
UnityEngine.Rendering.NoInterpClampedIntParameter,False
UnityEngine.Rendering.NoInterpColorParameter,False
UnityEngine.Rendering.NoInterpCubemapParameter,False
UnityEngine.Rendering.NoInterpFloatParameter,False
UnityEngine.Rendering.NoInterpFloatRangeParameter,False
UnityEngine.Rendering.NoInterpIntParameter,False
UnityEngine.Rendering.NoInterpMaxFloatParameter,False
UnityEngine.Rendering.NoInterpMaxIntParameter,False
UnityEngine.Rendering.NoInterpMinFloatParameter,False
UnityEngine.Rendering.NoInterpMinIntParameter,False
UnityEngine.Rendering.NoInterpRenderTextureParameter,False
UnityEngine.Rendering.NoInterpTextureParameter,False
UnityEngine.Rendering.NoInterpVector2Parameter,False
UnityEngine.Rendering.NoInterpVector3Parameter,False
UnityEngine.Rendering.NoInterpVector4Parameter,False
UnityEngine.Rendering.OnDemandRendering,False
UnityEngine.Rendering.OpaqueSortMode,False
UnityEngine.Rendering.PackingAttribute,False
UnityEngine.Rendering.PackingRules,False
UnityEngine.Rendering.PassType,False
UnityEngine.Rendering.PerObjectData,False
UnityEngine.Rendering.PlatformKeywordSet,False
UnityEngine.Rendering.PostProcessing.AmbientOcclusion,False
UnityEngine.Rendering.PostProcessing.AmbientOcclusionMode,False
UnityEngine.Rendering.PostProcessing.AmbientOcclusionModeParameter,False
UnityEngine.Rendering.PostProcessing.AmbientOcclusionQuality,False
UnityEngine.Rendering.PostProcessing.AmbientOcclusionQualityParameter,False
UnityEngine.Rendering.PostProcessing.AutoExposure,False
UnityEngine.Rendering.PostProcessing.Bloom,False
UnityEngine.Rendering.PostProcessing.BoolParameter,False
UnityEngine.Rendering.PostProcessing.ChromaticAberration,False
UnityEngine.Rendering.PostProcessing.ColorBlindnessType,False
UnityEngine.Rendering.PostProcessing.ColorGrading,False
UnityEngine.Rendering.PostProcessing.ColorParameter,False
UnityEngine.Rendering.PostProcessing.ColorUtilities,False
UnityEngine.Rendering.PostProcessing.DebugOverlay,False
UnityEngine.Rendering.PostProcessing.DepthOfField,False
UnityEngine.Rendering.PostProcessing.DisplayNameAttribute,False
UnityEngine.Rendering.PostProcessing.EyeAdaptation,False
UnityEngine.Rendering.PostProcessing.EyeAdaptationParameter,False
UnityEngine.Rendering.PostProcessing.FastApproximateAntialiasing,False
UnityEngine.Rendering.PostProcessing.FloatParameter,False
UnityEngine.Rendering.PostProcessing.Fog,False
UnityEngine.Rendering.PostProcessing.GradingMode,False
UnityEngine.Rendering.PostProcessing.GradingModeParameter,False
UnityEngine.Rendering.PostProcessing.Grain,False
UnityEngine.Rendering.PostProcessing.HableCurve,False
UnityEngine.Rendering.PostProcessing.HableCurve.Uniforms,False
UnityEngine.Rendering.PostProcessing.HaltonSeq,False
UnityEngine.Rendering.PostProcessing.HistogramMonitor,False
UnityEngine.Rendering.PostProcessing.HistogramMonitor.Channel,False
UnityEngine.Rendering.PostProcessing.IntParameter,False
UnityEngine.Rendering.PostProcessing.KernelSize,False
UnityEngine.Rendering.PostProcessing.KernelSizeParameter,False
UnityEngine.Rendering.PostProcessing.LensDistortion,False
UnityEngine.Rendering.PostProcessing.LightMeterMonitor,False
UnityEngine.Rendering.PostProcessing.MaxAttribute,False
UnityEngine.Rendering.PostProcessing.MinAttribute,False
UnityEngine.Rendering.PostProcessing.MinMaxAttribute,False
UnityEngine.Rendering.PostProcessing.Monitor,False
UnityEngine.Rendering.PostProcessing.MonitorType,False
UnityEngine.Rendering.PostProcessing.MotionBlur,False
UnityEngine.Rendering.PostProcessing.ParameterOverride,False
UnityEngine.Rendering.PostProcessing.ParameterOverride<bool>,False
UnityEngine.Rendering.PostProcessing.ParameterOverride<float>,False
UnityEngine.Rendering.PostProcessing.ParameterOverride<int>,False
UnityEngine.Rendering.PostProcessing.ParameterOverride<UnityEngine.Color>,False
UnityEngine.Rendering.PostProcessing.ParameterOverride<UnityEngine.Rendering.PostProcessing.AmbientOcclusionMode>,False
UnityEngine.Rendering.PostProcessing.ParameterOverride<UnityEngine.Rendering.PostProcessing.AmbientOcclusionQuality>,False
UnityEngine.Rendering.PostProcessing.ParameterOverride<UnityEngine.Rendering.PostProcessing.EyeAdaptation>,False
UnityEngine.Rendering.PostProcessing.ParameterOverride<UnityEngine.Rendering.PostProcessing.GradingMode>,False
UnityEngine.Rendering.PostProcessing.ParameterOverride<UnityEngine.Rendering.PostProcessing.KernelSize>,False
UnityEngine.Rendering.PostProcessing.ParameterOverride<UnityEngine.Rendering.PostProcessing.ScreenSpaceReflectionPreset>,False
UnityEngine.Rendering.PostProcessing.ParameterOverride<UnityEngine.Rendering.PostProcessing.ScreenSpaceReflectionResolution>,False
UnityEngine.Rendering.PostProcessing.ParameterOverride<UnityEngine.Rendering.PostProcessing.Spline>,False
UnityEngine.Rendering.PostProcessing.ParameterOverride<UnityEngine.Rendering.PostProcessing.Tonemapper>,False
UnityEngine.Rendering.PostProcessing.ParameterOverride<UnityEngine.Rendering.PostProcessing.VignetteMode>,False
UnityEngine.Rendering.PostProcessing.ParameterOverride<UnityEngine.Texture>,False
UnityEngine.Rendering.PostProcessing.ParameterOverride<UnityEngine.Vector2>,False
UnityEngine.Rendering.PostProcessing.ParameterOverride<UnityEngine.Vector3>,False
UnityEngine.Rendering.PostProcessing.ParameterOverride<UnityEngine.Vector4>,False
UnityEngine.Rendering.PostProcessing.PostProcessAttribute,False
UnityEngine.Rendering.PostProcessing.PostProcessBundle,False
UnityEngine.Rendering.PostProcessing.PostProcessDebug,False
UnityEngine.Rendering.PostProcessing.PostProcessDebugLayer,False
UnityEngine.Rendering.PostProcessing.PostProcessDebugLayer.OverlaySettings,False
UnityEngine.Rendering.PostProcessing.PostProcessEffectRenderer,False
UnityEngine.Rendering.PostProcessing.PostProcessEffectSettings,False
UnityEngine.Rendering.PostProcessing.PostProcessEvent,False
UnityEngine.Rendering.PostProcessing.PostProcessLayer,False
UnityEngine.Rendering.PostProcessing.PostProcessLayer.Antialiasing,False
UnityEngine.Rendering.PostProcessing.PostProcessLayer.SerializedBundleRef,False
UnityEngine.Rendering.PostProcessing.PostProcessManager,False
UnityEngine.Rendering.PostProcessing.PostProcessProfile,False
UnityEngine.Rendering.PostProcessing.PostProcessRenderContext,False
UnityEngine.Rendering.PostProcessing.PostProcessRenderContext.StereoRenderingMode,False
UnityEngine.Rendering.PostProcessing.PostProcessResources,False
UnityEngine.Rendering.PostProcessing.PostProcessResources.ComputeShaders,False
UnityEngine.Rendering.PostProcessing.PostProcessResources.Shaders,False
UnityEngine.Rendering.PostProcessing.PostProcessResources.SMAALuts,False
UnityEngine.Rendering.PostProcessing.PostProcessVolume,False
UnityEngine.Rendering.PostProcessing.PropertySheet,False
UnityEngine.Rendering.PostProcessing.PropertySheetFactory,False
UnityEngine.Rendering.PostProcessing.RuntimeUtilities,False
UnityEngine.Rendering.PostProcessing.ScreenSpaceReflectionPreset,False
UnityEngine.Rendering.PostProcessing.ScreenSpaceReflectionPresetParameter,False
UnityEngine.Rendering.PostProcessing.ScreenSpaceReflectionResolution,False
UnityEngine.Rendering.PostProcessing.ScreenSpaceReflectionResolutionParameter,False
UnityEngine.Rendering.PostProcessing.ScreenSpaceReflections,False
UnityEngine.Rendering.PostProcessing.Spline,False
UnityEngine.Rendering.PostProcessing.SplineParameter,False
UnityEngine.Rendering.PostProcessing.SubpixelMorphologicalAntialiasing,False
UnityEngine.Rendering.PostProcessing.SubpixelMorphologicalAntialiasing.Quality,False
UnityEngine.Rendering.PostProcessing.TemporalAntialiasing,False
UnityEngine.Rendering.PostProcessing.TextureFormatUtilities,False
UnityEngine.Rendering.PostProcessing.TextureParameter,False
UnityEngine.Rendering.PostProcessing.TextureParameterDefault,False
UnityEngine.Rendering.PostProcessing.Tonemapper,False
UnityEngine.Rendering.PostProcessing.TonemapperParameter,False
UnityEngine.Rendering.PostProcessing.TrackballAttribute,False
UnityEngine.Rendering.PostProcessing.TrackballAttribute.Mode,False
UnityEngine.Rendering.PostProcessing.Vector2Parameter,False
UnityEngine.Rendering.PostProcessing.Vector3Parameter,False
UnityEngine.Rendering.PostProcessing.Vector4Parameter,False
UnityEngine.Rendering.PostProcessing.VectorscopeMonitor,False
UnityEngine.Rendering.PostProcessing.Vignette,False
UnityEngine.Rendering.PostProcessing.VignetteMode,False
UnityEngine.Rendering.PostProcessing.VignetteModeParameter,False
UnityEngine.Rendering.PostProcessing.WaveformMonitor,False
UnityEngine.Rendering.ProfilingSampler,False
UnityEngine.Rendering.ProfilingScope,False
UnityEngine.Rendering.RasterState,False
UnityEngine.Rendering.RealtimeGICPUUsage,False
UnityEngine.Rendering.ReflectionCubemapCompression,False
UnityEngine.Rendering.ReflectionProbeBlendInfo,False
UnityEngine.Rendering.ReflectionProbeClearFlags,False
UnityEngine.Rendering.ReflectionProbeMode,False
UnityEngine.Rendering.ReflectionProbeRefreshMode,False
UnityEngine.Rendering.ReflectionProbeSortingCriteria,False
UnityEngine.Rendering.ReflectionProbeTimeSlicingMode,False
UnityEngine.Rendering.ReflectionProbeType,False
UnityEngine.Rendering.ReflectionProbeUsage,False
UnityEngine.Rendering.ReloadGroupAttribute,False
UnityEngine.Rendering.RenderBufferLoadAction,False
UnityEngine.Rendering.RenderBufferStoreAction,False
UnityEngine.Rendering.RenderingThreadingMode,False
UnityEngine.Rendering.RenderPipeline,False
UnityEngine.Rendering.RenderPipelineAsset,False
UnityEngine.Rendering.RenderPipelineManager,False
UnityEngine.Rendering.RenderQueue,False
UnityEngine.Rendering.RenderQueueRange,False
UnityEngine.Rendering.RenderStateBlock,False
UnityEngine.Rendering.RenderStateMask,False
UnityEngine.Rendering.RenderTargetBinding,False
UnityEngine.Rendering.RenderTargetBlendState,False
UnityEngine.Rendering.RenderTargetIdentifier,False
UnityEngine.Rendering.RenderTextureParameter,False
UnityEngine.Rendering.RenderTextureSubElement,False
UnityEngine.Rendering.RTHandle,False
UnityEngine.Rendering.RTHandleProperties,False
UnityEngine.Rendering.RTHandles,False
UnityEngine.Rendering.RTHandleSystem,False
UnityEngine.Rendering.ScopedRenderPass,False
UnityEngine.Rendering.ScopedSubPass,False
UnityEngine.Rendering.ScriptableCullingParameters,False
UnityEngine.Rendering.ScriptableRenderContext,False
UnityEngine.Rendering.ShaderKeyword,False
UnityEngine.Rendering.ShaderKeywordSet,False
UnityEngine.Rendering.ShaderKeywordType,False
UnityEngine.Rendering.ShaderPropertyFlags,False
UnityEngine.Rendering.ShaderPropertyType,False
UnityEngine.Rendering.ShaderTagId,False
UnityEngine.Rendering.ShadowCastingMode,False
UnityEngine.Rendering.ShadowDrawingSettings,False
UnityEngine.Rendering.ShadowMapPass,False
UnityEngine.Rendering.ShadowSamplingMode,False
UnityEngine.Rendering.ShadowSplitData,False
UnityEngine.Rendering.SinglePassStereoMode,False
UnityEngine.Rendering.SortingCriteria,False
UnityEngine.Rendering.SortingGroup,False
UnityEngine.Rendering.SortingLayerRange,False
UnityEngine.Rendering.SortingSettings,False
UnityEngine.Rendering.SphericalHarmonicsL2,False
UnityEngine.Rendering.SplashScreen,False
UnityEngine.Rendering.SplashScreen.StopBehavior,False
UnityEngine.Rendering.StencilOp,False
UnityEngine.Rendering.StencilState,False
UnityEngine.Rendering.SubMeshDescriptor,False
UnityEngine.Rendering.SupportedRenderingFeatures,False
UnityEngine.Rendering.SupportedRenderingFeatures.LightmapMixedBakeModes,False
UnityEngine.Rendering.SupportedRenderingFeatures.ReflectionProbeModes,False
UnityEngine.Rendering.SurfaceDataAttributes,False
UnityEngine.Rendering.SynchronisationStage,False
UnityEngine.Rendering.SynchronisationStageFlags,False
UnityEngine.Rendering.TextureCurve,False
UnityEngine.Rendering.TextureCurveParameter,False
UnityEngine.Rendering.TextureDimension,False
UnityEngine.Rendering.TextureParameter,False
UnityEngine.Rendering.TextureXR,False
UnityEngine.Rendering.TileLayoutUtils,False
UnityEngine.Rendering.UI.DebugUIHandlerBitField,False
UnityEngine.Rendering.UI.DebugUIHandlerButton,False
UnityEngine.Rendering.UI.DebugUIHandlerCanvas,False
UnityEngine.Rendering.UI.DebugUIHandlerColor,False
UnityEngine.Rendering.UI.DebugUIHandlerContainer,False
UnityEngine.Rendering.UI.DebugUIHandlerEnumField,False
UnityEngine.Rendering.UI.DebugUIHandlerEnumHistory,False
UnityEngine.Rendering.UI.DebugUIHandlerFloatField,False
UnityEngine.Rendering.UI.DebugUIHandlerFoldout,False
UnityEngine.Rendering.UI.DebugUIHandlerGroup,False
UnityEngine.Rendering.UI.DebugUIHandlerHBox,False
UnityEngine.Rendering.UI.DebugUIHandlerIndirectFloatField,False
UnityEngine.Rendering.UI.DebugUIHandlerIndirectToggle,False
UnityEngine.Rendering.UI.DebugUIHandlerIntField,False
UnityEngine.Rendering.UI.DebugUIHandlerPanel,False
UnityEngine.Rendering.UI.DebugUIHandlerToggle,False
UnityEngine.Rendering.UI.DebugUIHandlerToggleHistory,False
UnityEngine.Rendering.UI.DebugUIHandlerUIntField,False
UnityEngine.Rendering.UI.DebugUIHandlerValue,False
UnityEngine.Rendering.UI.DebugUIHandlerVBox,False
UnityEngine.Rendering.UI.DebugUIHandlerVector2,False
UnityEngine.Rendering.UI.DebugUIHandlerVector3,False
UnityEngine.Rendering.UI.DebugUIHandlerVector4,False
UnityEngine.Rendering.UI.DebugUIHandlerWidget,False
UnityEngine.Rendering.UI.DebugUIPrefabBundle,False
UnityEngine.Rendering.UI.UIFoldout,False
UnityEngine.Rendering.Universal.AntialiasingMode,False
UnityEngine.Rendering.Universal.AntialiasingQuality,False
UnityEngine.Rendering.Universal.Bloom,False
UnityEngine.Rendering.Universal.CameraData,False
UnityEngine.Rendering.Universal.CameraExtensions,False
UnityEngine.Rendering.Universal.CameraOverrideOption,False
UnityEngine.Rendering.Universal.CameraRenderType,False
UnityEngine.Rendering.Universal.ChannelMixer,False
UnityEngine.Rendering.Universal.ChromaticAberration,False
UnityEngine.Rendering.Universal.ColorAdjustments,False
UnityEngine.Rendering.Universal.ColorCurves,False
UnityEngine.Rendering.Universal.ColorGradingMode,False
UnityEngine.Rendering.Universal.ColorLookup,False
UnityEngine.Rendering.Universal.DepthOfField,False
UnityEngine.Rendering.Universal.DepthOfFieldMode,False
UnityEngine.Rendering.Universal.DepthOfFieldModeParameter,False
UnityEngine.Rendering.Universal.Downsampling,False
UnityEngine.Rendering.Universal.DrawSkyboxPass,False
UnityEngine.Rendering.Universal.FilmGrain,False
UnityEngine.Rendering.Universal.FilmGrainLookup,False
UnityEngine.Rendering.Universal.FilmGrainLookupParameter,False
UnityEngine.Rendering.Universal.ForwardRenderer,False
UnityEngine.Rendering.Universal.ForwardRendererData,False
UnityEngine.Rendering.Universal.ForwardRendererData.ShaderResources,False
UnityEngine.Rendering.Universal.Internal.AdditionalLightsShadowCasterPass,False
UnityEngine.Rendering.Universal.Internal.ColorGradingLutPass,False
UnityEngine.Rendering.Universal.Internal.CopyColorPass,False
UnityEngine.Rendering.Universal.Internal.CopyDepthPass,False
UnityEngine.Rendering.Universal.Internal.DepthOnlyPass,False
UnityEngine.Rendering.Universal.Internal.DrawObjectsPass,False
UnityEngine.Rendering.Universal.Internal.FinalBlitPass,False
UnityEngine.Rendering.Universal.Internal.ForwardLights,False
UnityEngine.Rendering.Universal.Internal.MainLightShadowCasterPass,False
UnityEngine.Rendering.Universal.Internal.PostProcessPass,False
UnityEngine.Rendering.Universal.Internal.ScreenSpaceShadowResolvePass,False
UnityEngine.Rendering.Universal.LensDistortion,False
UnityEngine.Rendering.Universal.LiftGammaGain,False
UnityEngine.Rendering.Universal.LightData,False
UnityEngine.Rendering.Universal.LightRenderingMode,False
UnityEngine.Rendering.Universal.MixedLightingSetup,False
UnityEngine.Rendering.Universal.MotionBlur,False
UnityEngine.Rendering.Universal.MotionBlurMode,False
UnityEngine.Rendering.Universal.MotionBlurModeParameter,False
UnityEngine.Rendering.Universal.MotionBlurQuality,False
UnityEngine.Rendering.Universal.MotionBlurQualityParameter,False
UnityEngine.Rendering.Universal.MsaaQuality,False
UnityEngine.Rendering.Universal.PaniniProjection,False
UnityEngine.Rendering.Universal.PipelineDebugLevel,False
UnityEngine.Rendering.Universal.PostProcessData,False
UnityEngine.Rendering.Universal.PostProcessData.ShaderResources,False
UnityEngine.Rendering.Universal.PostProcessData.TextureResources,False
UnityEngine.Rendering.Universal.PostProcessingData,False
UnityEngine.Rendering.Universal.PostProcessingFeatureSet,False
UnityEngine.Rendering.Universal.PostProcessUtils,False
UnityEngine.Rendering.Universal.RendererOverrideOption,False
UnityEngine.Rendering.Universal.RendererType,False
UnityEngine.Rendering.Universal.RenderingData,False
UnityEngine.Rendering.Universal.RenderingUtils,False
UnityEngine.Rendering.Universal.RenderPassEvent,False
UnityEngine.Rendering.Universal.RenderTargetHandle,False
UnityEngine.Rendering.Universal.SampleCount,False
UnityEngine.Rendering.Universal.ScriptableRenderer,False
UnityEngine.Rendering.Universal.ScriptableRenderer.RenderingFeatures,False
UnityEngine.Rendering.Universal.ScriptableRendererData,False
UnityEngine.Rendering.Universal.ScriptableRendererFeature,False
UnityEngine.Rendering.Universal.ScriptableRenderPass,False
UnityEngine.Rendering.Universal.ShaderInput,False
UnityEngine.Rendering.Universal.ShaderInput.LightData,False
UnityEngine.Rendering.Universal.ShaderInput.ShadowData,False
UnityEngine.Rendering.Universal.ShaderKeywordStrings,False
UnityEngine.Rendering.Universal.ShaderPathID,False
UnityEngine.Rendering.Universal.ShaderUtils,False
UnityEngine.Rendering.Universal.ShaderVariantLogLevel,False
UnityEngine.Rendering.Universal.ShadowCascadesOption,False
UnityEngine.Rendering.Universal.ShadowData,False
UnityEngine.Rendering.Universal.ShadowQuality,False
UnityEngine.Rendering.Universal.ShadowResolution,False
UnityEngine.Rendering.Universal.ShadowSliceData,False
UnityEngine.Rendering.Universal.ShadowsMidtonesHighlights,False
UnityEngine.Rendering.Universal.ShadowUtils,False
UnityEngine.Rendering.Universal.SplitToning,False
UnityEngine.Rendering.Universal.StencilStateData,False
UnityEngine.Rendering.Universal.Tonemapping,False
UnityEngine.Rendering.Universal.TonemappingMode,False
UnityEngine.Rendering.Universal.TonemappingModeParameter,False
UnityEngine.Rendering.Universal.UniversalAdditionalCameraData,False
UnityEngine.Rendering.Universal.UniversalAdditionalLightData,False
UnityEngine.Rendering.Universal.UniversalRenderPipeline,False
UnityEngine.Rendering.Universal.UniversalRenderPipelineEditorResources,False
UnityEngine.Rendering.Universal.UniversalRenderPipelineEditorResources.MaterialResources,False
UnityEngine.Rendering.Universal.UniversalRenderPipelineEditorResources.ShaderResources,False
UnityEngine.Rendering.Universal.Vignette,False
UnityEngine.Rendering.Universal.WhiteBalance,False
UnityEngine.Rendering.UVChannelFlags,False
UnityEngine.Rendering.Vector2Parameter,False
UnityEngine.Rendering.Vector3Parameter,False
UnityEngine.Rendering.Vector4Parameter,False
UnityEngine.Rendering.VertexAttribute,False
UnityEngine.Rendering.VertexAttributeDescriptor,False
UnityEngine.Rendering.VertexAttributeFormat,False
UnityEngine.Rendering.VisibleLight,False
UnityEngine.Rendering.VisibleReflectionProbe,False
UnityEngine.Rendering.Volume,False
UnityEngine.Rendering.VolumeComponent,False
UnityEngine.Rendering.VolumeComponentDeprecated,False
UnityEngine.Rendering.VolumeComponentMenu,False
UnityEngine.Rendering.VolumeIsolationScope,False
UnityEngine.Rendering.VolumeManager,False
UnityEngine.Rendering.VolumeParameter,False
UnityEngine.Rendering.VolumeParameter<bool>,False
UnityEngine.Rendering.VolumeParameter<float>,False
UnityEngine.Rendering.VolumeParameter<int>,False
UnityEngine.Rendering.VolumeParameter<UnityEngine.AnimationCurve>,False
UnityEngine.Rendering.VolumeParameter<UnityEngine.Color>,False
UnityEngine.Rendering.VolumeParameter<UnityEngine.Cubemap>,False
UnityEngine.Rendering.VolumeParameter<UnityEngine.LayerMask>,False
UnityEngine.Rendering.VolumeParameter<UnityEngine.Rendering.TextureCurve>,False
UnityEngine.Rendering.VolumeParameter<UnityEngine.Rendering.Universal.DepthOfFieldMode>,False
UnityEngine.Rendering.VolumeParameter<UnityEngine.Rendering.Universal.FilmGrainLookup>,False
UnityEngine.Rendering.VolumeParameter<UnityEngine.Rendering.Universal.MotionBlurMode>,False
UnityEngine.Rendering.VolumeParameter<UnityEngine.Rendering.Universal.MotionBlurQuality>,False
UnityEngine.Rendering.VolumeParameter<UnityEngine.Rendering.Universal.TonemappingMode>,False
UnityEngine.Rendering.VolumeParameter<UnityEngine.RenderTexture>,False
UnityEngine.Rendering.VolumeParameter<UnityEngine.Texture>,False
UnityEngine.Rendering.VolumeParameter<UnityEngine.Vector2>,False
UnityEngine.Rendering.VolumeParameter<UnityEngine.Vector3>,False
UnityEngine.Rendering.VolumeParameter<UnityEngine.Vector4>,False
UnityEngine.Rendering.VolumeProfile,False
UnityEngine.Rendering.VolumeStack,False
UnityEngine.Rendering.XRGraphics,False
UnityEngine.Rendering.XRGraphics.StereoRenderingMode,False
UnityEngine.Rendering.XRUtils,False
UnityEngine.RenderingPath,False
UnityEngine.RenderMode,False
UnityEngine.RenderSettings,False
UnityEngine.RenderTargetSetup,False
UnityEngine.RenderTexture,False
UnityEngine.RenderTextureCreationFlags,False
UnityEngine.RenderTextureDescriptor,False
UnityEngine.RenderTextureFormat,False
UnityEngine.RenderTextureMemoryless,False
UnityEngine.RenderTextureReadWrite,False
UnityEngine.RequireComponent,False
UnityEngine.Resolution,False
UnityEngine.ResourceRequest,False
UnityEngine.Resources,False
UnityEngine.Rigidbody,False
UnityEngine.Rigidbody2D,False
UnityEngine.RigidbodyConstraints,False
UnityEngine.RigidbodyConstraints2D,False
UnityEngine.RigidbodyInterpolation,False
UnityEngine.RigidbodyInterpolation2D,False
UnityEngine.RigidbodySleepMode2D,False
UnityEngine.RigidbodyType2D,False
UnityEngine.RotationDriveMode,False
UnityEngine.RuntimeAnimatorController,False
UnityEngine.RuntimeInitializeLoadType,False
UnityEngine.RuntimeInitializeOnLoadMethodAttribute,False
UnityEngine.RuntimePlatform,False
UnityEngine.ScalableBufferManager,False
UnityEngine.ScaleMode,False
UnityEngine.SceneManagement.CreateSceneParameters,False
UnityEngine.SceneManagement.LoadSceneMode,False
UnityEngine.SceneManagement.LoadSceneParameters,False
UnityEngine.SceneManagement.LocalPhysicsMode,False
UnityEngine.SceneManagement.Scene,False
UnityEngine.SceneManagement.SceneManager,False
UnityEngine.SceneManagement.SceneUtility,False
UnityEngine.SceneManagement.UnloadSceneOptions,False
UnityEngine.Screen,False
UnityEngine.ScreenCapture,False
UnityEngine.ScreenCapture.StereoScreenCaptureMode,False
UnityEngine.ScreenOrientation,False
UnityEngine.ScriptableObject,False
UnityEngine.Scripting.PreserveAttribute,False
UnityEngine.SecondarySpriteTexture,False
UnityEngine.Security,False
UnityEngine.SelectionBaseAttribute,False
UnityEngine.SendMessageOptions,False
UnityEngine.SerializeField,False
UnityEngine.SerializeReference,False
UnityEngine.Shader,False
UnityEngine.ShaderVariantCollection,False
UnityEngine.ShaderVariantCollection.ShaderVariant,False
UnityEngine.ShadowmaskMode,False
UnityEngine.ShadowProjection,False
UnityEngine.ShadowQuality,False
UnityEngine.ShadowResolution,False
UnityEngine.SharedBetweenAnimatorsAttribute,False
UnityEngine.SkeletonBone,False
UnityEngine.SkinnedMeshRenderer,False
UnityEngine.SkinQuality,False
UnityEngine.SkinWeights,False
UnityEngine.Skybox,False
UnityEngine.SleepTimeout,False
UnityEngine.SliderJoint2D,False
UnityEngine.SnapAxis,False
UnityEngine.Snapping,False
UnityEngine.Social,False
UnityEngine.SoftJointLimit,False
UnityEngine.SoftJointLimitSpring,False
UnityEngine.SortingLayer,False
UnityEngine.Space,False
UnityEngine.SpaceAttribute,False
UnityEngine.SparseTexture,False
UnityEngine.SpherecastCommand,False
UnityEngine.SphereCollider,False
UnityEngine.SplatPrototype,False
UnityEngine.SpringJoint,False
UnityEngine.SpringJoint2D,False
UnityEngine.Sprite,False
UnityEngine.SpriteAlignment,False
UnityEngine.SpriteDrawMode,False
UnityEngine.SpriteMask,False
UnityEngine.SpriteMaskInteraction,False
UnityEngine.SpriteMeshType,False
UnityEngine.SpritePackingMode,False
UnityEngine.SpritePackingRotation,False
UnityEngine.SpriteRenderer,False
UnityEngine.Sprites.DataUtility,False
UnityEngine.SpriteSortPoint,False
UnityEngine.SpriteTileMode,False
UnityEngine.StackTraceLogType,False
UnityEngine.StackTraceUtility,False
UnityEngine.StateMachineBehaviour,False
UnityEngine.StaticBatchingUtility,False
UnityEngine.StereoTargetEyeMask,False
UnityEngine.StreamingController,False
UnityEngine.Subsystem,False
UnityEngine.SubsystemDescriptor,False
UnityEngine.SubsystemManager,False
UnityEngine.Subsystems.ExampleSubsystem,False
UnityEngine.Subsystems.ExampleSubsystemDescriptor,False
UnityEngine.SurfaceEffector2D,False
UnityEngine.SystemInfo,False
UnityEngine.SystemLanguage,False
UnityEngine.TargetJoint2D,False
UnityEngine.Terrain,False
UnityEngine.TerrainChangedFlags,False
UnityEngine.TerrainCollider,False
UnityEngine.TerrainData,False
UnityEngine.TerrainExtensions,False
UnityEngine.TerrainHeightmapSyncControl,False
UnityEngine.TerrainLayer,False
UnityEngine.TerrainRenderFlags,False
UnityEngine.TestTools.Coverage,False
UnityEngine.TestTools.CoveredMethodStats,False
UnityEngine.TestTools.CoveredSequencePoint,False
UnityEngine.TestTools.ExcludeFromCoverageAttribute,False
UnityEngine.TexGenMode,False
UnityEngine.TextAlignment,False
UnityEngine.TextAnchor,False
UnityEngine.TextAreaAttribute,False
UnityEngine.TextAsset,False
UnityEngine.TextClipping,False
UnityEngine.TextCore.FaceInfo,False
UnityEngine.TextCore.Glyph,False
UnityEngine.TextCore.GlyphMetrics,False
UnityEngine.TextCore.GlyphRect,False
UnityEngine.TextEditor,False
UnityEngine.TextEditor.DblClickSnapping,False
UnityEngine.TextGenerationSettings,False
UnityEngine.TextGenerator,False
UnityEngine.TextMesh,False
UnityEngine.Texture,False
UnityEngine.Texture2D,False
UnityEngine.Texture2D.EXRFlags,False
UnityEngine.Texture2DArray,False
UnityEngine.Texture3D,False
UnityEngine.TextureFormat,False
UnityEngine.TextureWrapMode,False
UnityEngine.ThreadPriority,False
UnityEngine.Time,False
UnityEngine.Timeline.ActivationControlPlayable,False
UnityEngine.Timeline.ActivationControlPlayable.PostPlaybackState,False
UnityEngine.Timeline.ActivationTrack,False
UnityEngine.Timeline.ActivationTrack.PostPlaybackState,False
UnityEngine.Timeline.AnimationPlayableAsset,False
UnityEngine.Timeline.AnimationPlayableAsset.LoopMode,False
UnityEngine.Timeline.AnimationTrack,False
UnityEngine.Timeline.AudioPlayableAsset,False
UnityEngine.Timeline.AudioTrack,False
UnityEngine.Timeline.ClipCaps,False
UnityEngine.Timeline.ControlPlayableAsset,False
UnityEngine.Timeline.ControlTrack,False
UnityEngine.Timeline.CustomStyleAttribute,False
UnityEngine.Timeline.DirectorControlPlayable,False
UnityEngine.Timeline.GroupTrack,False
UnityEngine.Timeline.HideInMenuAttribute,False
UnityEngine.Timeline.Marker,False
UnityEngine.Timeline.MarkerTrack,False
UnityEngine.Timeline.MatchTargetFields,False
UnityEngine.Timeline.NotificationFlags,False
UnityEngine.Timeline.NotKeyableAttribute,False
UnityEngine.Timeline.ParticleControlPlayable,False
UnityEngine.Timeline.PlayableTrack,False
UnityEngine.Timeline.PrefabControlPlayable,False
UnityEngine.Timeline.SignalAsset,False
UnityEngine.Timeline.SignalEmitter,False
UnityEngine.Timeline.SignalReceiver,False
UnityEngine.Timeline.SignalTrack,False
UnityEngine.Timeline.TimeControlPlayable,False
UnityEngine.Timeline.TimelineAsset,False
UnityEngine.Timeline.TimelineAsset.DurationMode,False
UnityEngine.Timeline.TimelineAsset.EditorSettings,False
UnityEngine.Timeline.TimelineClip,False
UnityEngine.Timeline.TimelineClip.BlendCurveMode,False
UnityEngine.Timeline.TimelineClip.ClipExtrapolation,False
UnityEngine.Timeline.TimelinePlayable,False
UnityEngine.Timeline.TimeNotificationBehaviour,False
UnityEngine.Timeline.TrackAsset,False
UnityEngine.Timeline.TrackAssetExtensions,False
UnityEngine.Timeline.TrackBindingFlags,False
UnityEngine.Timeline.TrackBindingTypeAttribute,False
UnityEngine.Timeline.TrackClipTypeAttribute,False
UnityEngine.Timeline.TrackColorAttribute,False
UnityEngine.Timeline.TrackOffset,False
UnityEngine.TooltipAttribute,False
UnityEngine.TouchScreenKeyboard,False
UnityEngine.TouchScreenKeyboard.Status,False
UnityEngine.TouchScreenKeyboardType,False
UnityEngine.TouchType,False
UnityEngine.TrackedReference,False
UnityEngine.TrailRenderer,False
UnityEngine.Transform,False
UnityEngine.TransparencySortMode,False
UnityEngine.Tree,False
UnityEngine.TreeInstance,False
UnityEngine.TreePrototype,False
UnityEngine.Types,False
UnityEngine.U2D.AngleRangeInfo,False
UnityEngine.U2D.PixelPerfectRendering,False
UnityEngine.U2D.ShapeControlPoint,False
UnityEngine.U2D.SpriteAtlas,False
UnityEngine.U2D.SpriteAtlasManager,False
UnityEngine.U2D.SpriteBone,False
UnityEngine.U2D.SpriteDataAccessExtensions,False
UnityEngine.U2D.SpriteRendererDataAccessExtensions,False
UnityEngine.U2D.SpriteShapeMetaData,False
UnityEngine.U2D.SpriteShapeParameters,False
UnityEngine.U2D.SpriteShapeRenderer,False
UnityEngine.U2D.SpriteShapeSegment,False
UnityEngine.U2D.SpriteShapeUtility,False
UnityEngine.UI.AnimationTriggers,False
UnityEngine.UI.AspectRatioFitter,False
UnityEngine.UI.AspectRatioFitter.AspectMode,False
UnityEngine.UI.BaseMeshEffect,False
UnityEngine.UI.Button,False
UnityEngine.UI.Button.ButtonClickedEvent,False
UnityEngine.UI.CanvasScaler,False
UnityEngine.UI.CanvasScaler.ScaleMode,False
UnityEngine.UI.CanvasScaler.ScreenMatchMode,False
UnityEngine.UI.CanvasScaler.Unit,False
UnityEngine.UI.CanvasUpdate,False
UnityEngine.UI.CanvasUpdateRegistry,False
UnityEngine.UI.ClipperRegistry,False
UnityEngine.UI.Clipping,False
UnityEngine.UI.ColorBlock,False
UnityEngine.UI.ContentSizeFitter,False
UnityEngine.UI.ContentSizeFitter.FitMode,False
UnityEngine.UI.DefaultControls,False
UnityEngine.UI.DefaultControls.Resources,False
UnityEngine.UI.Dropdown,False
UnityEngine.UI.Dropdown.DropdownEvent,False
UnityEngine.UI.Dropdown.OptionData,False
UnityEngine.UI.Dropdown.OptionDataList,False
UnityEngine.UI.FontData,False
UnityEngine.UI.FontUpdateTracker,False
UnityEngine.UI.Graphic,False
UnityEngine.UI.GraphicRaycaster,False
UnityEngine.UI.GraphicRaycaster.BlockingObjects,False
UnityEngine.UI.GraphicRegistry,False
UnityEngine.UI.GridLayoutGroup,False
UnityEngine.UI.GridLayoutGroup.Axis,False
UnityEngine.UI.GridLayoutGroup.Constraint,False
UnityEngine.UI.GridLayoutGroup.Corner,False
UnityEngine.UI.HorizontalLayoutGroup,False
UnityEngine.UI.HorizontalOrVerticalLayoutGroup,False
UnityEngine.UI.Image,False
UnityEngine.UI.Image.FillMethod,False
UnityEngine.UI.Image.Origin180,False
UnityEngine.UI.Image.Origin360,False
UnityEngine.UI.Image.Origin90,False
UnityEngine.UI.Image.OriginHorizontal,False
UnityEngine.UI.Image.OriginVertical,False
UnityEngine.UI.Image.Type,False
UnityEngine.UI.InputField,False
UnityEngine.UI.InputField.CharacterValidation,False
UnityEngine.UI.InputField.ContentType,False
UnityEngine.UI.InputField.InputType,False
UnityEngine.UI.InputField.LineType,False
UnityEngine.UI.InputField.OnChangeEvent,False
UnityEngine.UI.InputField.SubmitEvent,False
UnityEngine.UI.LayoutElement,False
UnityEngine.UI.LayoutGroup,False
UnityEngine.UI.LayoutRebuilder,False
UnityEngine.UI.LayoutUtility,False
UnityEngine.UI.Mask,False
UnityEngine.UI.MaskableGraphic,False
UnityEngine.UI.MaskableGraphic.CullStateChangedEvent,False
UnityEngine.UI.MaskUtilities,False
UnityEngine.UI.Navigation,False
UnityEngine.UI.Navigation.Mode,False
UnityEngine.UI.Outline,False
UnityEngine.UI.PositionAsUV1,False
UnityEngine.UI.RawImage,False
UnityEngine.UI.RectMask2D,False
UnityEngine.UI.Scrollbar,False
UnityEngine.UI.Scrollbar.Direction,False
UnityEngine.UI.Scrollbar.ScrollEvent,False
UnityEngine.UI.ScrollRect,False
UnityEngine.UI.ScrollRect.MovementType,False
UnityEngine.UI.ScrollRect.ScrollbarVisibility,False
UnityEngine.UI.ScrollRect.ScrollRectEvent,False
UnityEngine.UI.Selectable,False
UnityEngine.UI.Selectable.Transition,False
UnityEngine.UI.Shadow,False
UnityEngine.UI.Slider,False
UnityEngine.UI.Slider.Direction,False
UnityEngine.UI.Slider.SliderEvent,False
UnityEngine.UI.SpriteState,False
UnityEngine.UI.StencilMaterial,False
UnityEngine.UI.Text,False
UnityEngine.UI.Toggle,False
UnityEngine.UI.Toggle.ToggleEvent,False
UnityEngine.UI.Toggle.ToggleTransition,False
UnityEngine.UI.ToggleGroup,False
UnityEngine.UI.VertexHelper,False
UnityEngine.UI.VerticalLayoutGroup,False
UnityEngine.UICharInfo,False
UnityEngine.UILineInfo,False
UnityEngine.UISystemProfilerApi,False
UnityEngine.UISystemProfilerApi.SampleType,False
UnityEngine.UIVertex,False
UnityEngine.UnassignedReferenceException,False
UnityEngine.UnityEventQueueSystem,False
UnityEngine.UnityException,False
UnityEngine.Vector2Int,False
UnityEngine.Vector3Int,False
UnityEngine.VerticalWrapMode,False
UnityEngine.VFX.VFXCameraBufferTypes,False
UnityEngine.VFX.VFXEventAttribute,False
UnityEngine.VFX.VFXExposedProperty,False
UnityEngine.VFX.VFXExpressionValues,False
UnityEngine.VFX.VFXManager,False
UnityEngine.VFX.VFXSpawnerCallbacks,False
UnityEngine.VFX.VFXSpawnerLoopState,False
UnityEngine.VFX.VFXSpawnerState,False
UnityEngine.VFX.VisualEffect,False
UnityEngine.VFX.VisualEffectAsset,False
UnityEngine.VFX.VisualEffectObject,False
UnityEngine.Video.Video3DLayout,False
UnityEngine.Video.VideoAspectRatio,False
UnityEngine.Video.VideoAudioOutputMode,False
UnityEngine.Video.VideoClip,False
UnityEngine.Video.VideoPlayer,False
UnityEngine.Video.VideoRenderMode,False
UnityEngine.Video.VideoSource,False
UnityEngine.Video.VideoTimeReference,False
UnityEngine.Video.VideoTimeSource,False
UnityEngine.VRTextureUsage,False
UnityEngine.WaitForSecondsRealtime,False
UnityEngine.WaitUntil,False
UnityEngine.WaitWhile,False
UnityEngine.WebCamDevice,False
UnityEngine.WebCamFlags,False
UnityEngine.WebCamKind,False
UnityEngine.WebCamTexture,False
UnityEngine.WeightedMode,False
UnityEngine.WheelCollider,False
UnityEngine.WheelFrictionCurve,False
UnityEngine.WheelHit,False
UnityEngine.WheelJoint2D,False
UnityEngine.WindZone,False
UnityEngine.WindZoneMode,False
UnityEngine.WrapMode,False
UnityEngine.WWWAudioExtensions,False
UnityEngine.WWWForm,False
UnityEngine.XR.ARBackgroundRenderer,False
UnityEngine.XR.ARRenderMode,False
UnityEngine.XR.Bone,False
UnityEngine.XR.CommonUsages,False
UnityEngine.XR.Eyes,False
UnityEngine.XR.GameViewRenderMode,False
UnityEngine.XR.Hand,False
UnityEngine.XR.HandFinger,False
UnityEngine.XR.HapticCapabilities,False
UnityEngine.XR.InputDevice,False
UnityEngine.XR.InputDeviceCharacteristics,False
UnityEngine.XR.InputDeviceRole,False
UnityEngine.XR.InputDevices,False
UnityEngine.XR.InputFeatureUsage,False
UnityEngine.XR.InputTracking,False
UnityEngine.XR.InputTrackingState,False
UnityEngine.XR.MeshChangeState,False
UnityEngine.XR.MeshGenerationResult,False
UnityEngine.XR.MeshGenerationStatus,False
UnityEngine.XR.MeshId,False
UnityEngine.XR.MeshInfo,False
UnityEngine.XR.MeshVertexAttributes,False
UnityEngine.XR.Provider.XRStats,False
UnityEngine.XR.TrackingOriginModeFlags,False
UnityEngine.XR.XRDevice,False
UnityEngine.XR.XRDisplaySubsystem,False
UnityEngine.XR.XRDisplaySubsystem.ReprojectionMode,False
UnityEngine.XR.XRDisplaySubsystem.XRBlitParams,False
UnityEngine.XR.XRDisplaySubsystem.XRMirrorViewBlitDesc,False
UnityEngine.XR.XRDisplaySubsystem.XRRenderParameter,False
UnityEngine.XR.XRDisplaySubsystem.XRRenderPass,False
UnityEngine.XR.XRDisplaySubsystemDescriptor,False
UnityEngine.XR.XRInputSubsystem,False
UnityEngine.XR.XRInputSubsystemDescriptor,False
UnityEngine.XR.XRMeshSubsystem,False
UnityEngine.XR.XRMeshSubsystemDescriptor,False
UnityEngine.XR.XRMirrorViewBlitMode,False
UnityEngine.XR.XRMirrorViewBlitModeDesc,False
UnityEngine.XR.XRNode,False
UnityEngine.XR.XRNodeState,False
UnityEngine.XR.XRSettings,False
UnityEngine.XR.XRSettings.StereoRenderingMode,False
UnityEngine.XR.XRStats,False
UnityEngine.YieldInstruction,False
Utilities.MaterialQuality,False
Utilities.MaterialQualityUtilities,False