FullName,Namespace,Name,Android,iOS
CSVSerializer,,CSVSerializer,True,True
LuaBinder,,LuaBinder,False,False
LuaClient,,LuaClient,True,True
LuaDelegates,,LuaDelegates,False,False
TMPro._HorizontalAlignmentOptions,TMPro,_HorizontalAlignmentOptions,True,True
TMPro._VerticalAlignmentOptions,TMPro,_VerticalAlignmentOptions,True,True
TMPro.AtlasPopulationMode,TMPro,AtlasPopulationMode,True,True
TMPro.CaretInfo,TMPro,CaretInfo,True,True
TMPro.CaretPosition,TMPro,CaretPosition,True,True
TMPro.ColorMode,TMPro,ColorMode,True,True
TMPro.Compute_DistanceTransform_EventTypes,TMPro,Compute_DistanceTransform_EventTypes,True,True
TMPro.Compute_DT_EventArgs,TMPro,Compute_DT_EventArgs,True,True
TMPro.Extents,TMPro,Extents,True,True
TMPro.FaceInfo_Legacy,TMPro,FaceInfo_Legacy,True,True
TMPro.FastAction,TMPro,FastAction,True,True
TMPro.FontAssetCreationSettings,TMPro,FontAssetCreationSettings,True,True
TMPro.FontFeatureLookupFlags,TMPro,FontFeatureLookupFlags,True,True
TMPro.FontStyles,TMPro,FontStyles,True,True
TMPro.FontWeight,TMPro,FontWeight,True,True
TMPro.GlyphPairKey,TMPro,GlyphPairKey,True,True
TMPro.GlyphValueRecord_Legacy,TMPro,GlyphValueRecord_Legacy,True,True
TMPro.KerningPair,TMPro,KerningPair,True,True
TMPro.KerningPairKey,TMPro,KerningPairKey,True,True
TMPro.KerningTable,TMPro,KerningTable,True,True
TMPro.MaskingOffsetMode,TMPro,MaskingOffsetMode,True,True
TMPro.MaskingTypes,TMPro,MaskingTypes,True,True
TMPro.MaterialReference,TMPro,MaterialReference,True,True
TMPro.MaterialReferenceManager,TMPro,MaterialReferenceManager,True,True
TMPro.Mesh_Extents,TMPro,Mesh_Extents,True,True
TMPro.RichTextTagAttribute,TMPro,RichTextTagAttribute,True,True
TMPro.ShaderUtilities,TMPro,ShaderUtilities,True,True
TMPro.TagAttribute,TMPro,TagAttribute,True,True
TMPro.TagUnitType,TMPro,TagUnitType,True,True
TMPro.TagValueType,TMPro,TagValueType,True,True
TMPro.TextAlignmentOptions,TMPro,TextAlignmentOptions,True,True
TMPro.TextContainer,TMPro,TextContainer,True,True
TMPro.TextContainerAnchors,TMPro,TextContainerAnchors,True,True
TMPro.TextElementType,TMPro,TextElementType,True,True
TMPro.TextMeshPro,TMPro,TextMeshPro,True,True
TMPro.TextMeshProUGUI,TMPro,TextMeshProUGUI,True,True
TMPro.TextOverflowModes,TMPro,TextOverflowModes,True,True
TMPro.TextRenderFlags,TMPro,TextRenderFlags,True,True
TMPro.TextureMappingOptions,TMPro,TextureMappingOptions,True,True
TMPro.TMP_Asset,TMPro,TMP_Asset,True,True
TMPro.TMP_Character,TMPro,TMP_Character,True,True
TMPro.TMP_CharacterInfo,TMPro,TMP_CharacterInfo,True,True
TMPro.TMP_ColorGradient,TMPro,TMP_ColorGradient,True,True
TMPro.TMP_DefaultControls,TMPro,TMP_DefaultControls,True,True
TMPro.TMP_Dropdown,TMPro,TMP_Dropdown,True,True
TMPro.TMP_EditorResourceManager,TMPro,TMP_EditorResourceManager,True,True
TMPro.TMP_FontAsset,TMPro,TMP_FontAsset,True,True
TMPro.TMP_FontAssetUtilities,TMPro,TMP_FontAssetUtilities,True,True
TMPro.TMP_FontFeatureTable,TMPro,TMP_FontFeatureTable,True,True
TMPro.TMP_FontStyleStack,TMPro,TMP_FontStyleStack,True,True
TMPro.TMP_FontUtilities,TMPro,TMP_FontUtilities,True,True
TMPro.TMP_FontWeightPair,TMPro,TMP_FontWeightPair,True,True
TMPro.TMP_Glyph,TMPro,TMP_Glyph,True,True
TMPro.TMP_GlyphAdjustmentRecord,TMPro,TMP_GlyphAdjustmentRecord,True,True
TMPro.TMP_GlyphPairAdjustmentRecord,TMPro,TMP_GlyphPairAdjustmentRecord,True,True
TMPro.TMP_GlyphValueRecord,TMPro,TMP_GlyphValueRecord,True,True
TMPro.TMP_InputField,TMPro,TMP_InputField,True,True
TMPro.TMP_InputValidator,TMPro,TMP_InputValidator,True,True
TMPro.TMP_LineInfo,TMPro,TMP_LineInfo,True,True
TMPro.TMP_LinkInfo,TMPro,TMP_LinkInfo,True,True
TMPro.TMP_MaterialManager,TMPro,TMP_MaterialManager,True,True
TMPro.TMP_Math,TMPro,TMP_Math,True,True
TMPro.TMP_MeshInfo,TMPro,TMP_MeshInfo,True,True
TMPro.TMP_PackageResourceImporter,TMPro,TMP_PackageResourceImporter,True,True
TMPro.TMP_PackageResourceImporterWindow,TMPro,TMP_PackageResourceImporterWindow,True,True
TMPro.TMP_PageInfo,TMPro,TMP_PageInfo,True,True
TMPro.TMP_ScrollbarEventHandler,TMPro,TMP_ScrollbarEventHandler,True,True
TMPro.TMP_SelectionCaret,TMPro,TMP_SelectionCaret,True,True
TMPro.TMP_Settings,TMPro,TMP_Settings,True,True
TMPro.TMP_Sprite,TMPro,TMP_Sprite,True,True
TMPro.TMP_SpriteAnimator,TMPro,TMP_SpriteAnimator,True,True
TMPro.TMP_SpriteAsset,TMPro,TMP_SpriteAsset,True,True
TMPro.TMP_SpriteCharacter,TMPro,TMP_SpriteCharacter,True,True
TMPro.TMP_SpriteGlyph,TMPro,TMP_SpriteGlyph,True,True
TMPro.TMP_SpriteInfo,TMPro,TMP_SpriteInfo,True,True
TMPro.TMP_Style,TMPro,TMP_Style,True,True
TMPro.TMP_StyleSheet,TMPro,TMP_StyleSheet,True,True
TMPro.TMP_SubMesh,TMPro,TMP_SubMesh,True,True
TMPro.TMP_SubMeshUI,TMPro,TMP_SubMeshUI,True,True
TMPro.TMP_Text,TMPro,TMP_Text,True,True
TMPro.TMP_TextElement,TMPro,TMP_TextElement,True,True
TMPro.TMP_TextElement_Legacy,TMPro,TMP_TextElement_Legacy,True,True
TMPro.TMP_TextElementType,TMPro,TMP_TextElementType,True,True
TMPro.TMP_TextInfo,TMPro,TMP_TextInfo,True,True
TMPro.TMP_TextParsingUtilities,TMPro,TMP_TextParsingUtilities,True,True
TMPro.TMP_TextUtilities,TMPro,TMP_TextUtilities,True,True
TMPro.TMP_UpdateManager,TMPro,TMP_UpdateManager,True,True
TMPro.TMP_UpdateRegistry,TMPro,TMP_UpdateRegistry,True,True
TMPro.TMP_Vertex,TMPro,TMP_Vertex,True,True
TMPro.TMP_VertexDataUpdateFlags,TMPro,TMP_VertexDataUpdateFlags,True,True
TMPro.TMP_WordInfo,TMPro,TMP_WordInfo,True,True
TMPro.TMPro_EventManager,TMPro,TMPro_EventManager,True,True
TMPro.TMPro_ExtensionMethods,TMPro,TMPro_ExtensionMethods,True,True
TMPro.VertexGradient,TMPro,VertexGradient,True,True
TMPro.VertexSortingOrder,TMPro,VertexSortingOrder,True,True
TMPro.WordWrapState,TMPro,WordWrapState,True,True
Unity.Profiling.ProfilerMarker,Unity.Profiling,ProfilerMarker,True,True
UnityEngine.AccelerationEvent,UnityEngine,AccelerationEvent,True,True
UnityEngine.Accessibility.VisionUtility,UnityEngine.Accessibility,VisionUtility,True,True
UnityEngine.AddComponentMenu,UnityEngine,AddComponentMenu,True,True
UnityEngine.AdditionalCanvasShaderChannels,UnityEngine,AdditionalCanvasShaderChannels,True,True
UnityEngine.AI.NavMesh,UnityEngine.AI,NavMesh,True,True
UnityEngine.AI.NavMeshAgent,UnityEngine.AI,NavMeshAgent,True,True
UnityEngine.AI.NavMeshBuildDebugFlags,UnityEngine.AI,NavMeshBuildDebugFlags,True,True
UnityEngine.AI.NavMeshBuildDebugSettings,UnityEngine.AI,NavMeshBuildDebugSettings,True,True
UnityEngine.AI.NavMeshBuilder,UnityEngine.AI,NavMeshBuilder,True,True
UnityEngine.AI.NavMeshBuildMarkup,UnityEngine.AI,NavMeshBuildMarkup,True,True
UnityEngine.AI.NavMeshBuildSettings,UnityEngine.AI,NavMeshBuildSettings,True,True
UnityEngine.AI.NavMeshBuildSource,UnityEngine.AI,NavMeshBuildSource,True,True
UnityEngine.AI.NavMeshBuildSourceShape,UnityEngine.AI,NavMeshBuildSourceShape,True,True
UnityEngine.AI.NavMeshCollectGeometry,UnityEngine.AI,NavMeshCollectGeometry,True,True
UnityEngine.AI.NavMeshData,UnityEngine.AI,NavMeshData,True,True
UnityEngine.AI.NavMeshDataInstance,UnityEngine.AI,NavMeshDataInstance,True,True
UnityEngine.AI.NavMeshHit,UnityEngine.AI,NavMeshHit,True,True
UnityEngine.AI.NavMeshLinkData,UnityEngine.AI,NavMeshLinkData,True,True
UnityEngine.AI.NavMeshLinkInstance,UnityEngine.AI,NavMeshLinkInstance,True,True
UnityEngine.AI.NavMeshObstacle,UnityEngine.AI,NavMeshObstacle,True,True
UnityEngine.AI.NavMeshObstacleShape,UnityEngine.AI,NavMeshObstacleShape,True,True
UnityEngine.AI.NavMeshPath,UnityEngine.AI,NavMeshPath,True,True
UnityEngine.AI.NavMeshPathStatus,UnityEngine.AI,NavMeshPathStatus,True,True
UnityEngine.AI.NavMeshQueryFilter,UnityEngine.AI,NavMeshQueryFilter,True,True
UnityEngine.AI.NavMeshTriangulation,UnityEngine.AI,NavMeshTriangulation,True,True
UnityEngine.AI.ObstacleAvoidanceType,UnityEngine.AI,ObstacleAvoidanceType,True,True
UnityEngine.AI.OffMeshLink,UnityEngine.AI,OffMeshLink,True,True
UnityEngine.AI.OffMeshLinkData,UnityEngine.AI,OffMeshLinkData,True,True
UnityEngine.AI.OffMeshLinkType,UnityEngine.AI,OffMeshLinkType,True,True
UnityEngine.Analytics.Analytics,UnityEngine.Analytics,Analytics,True,True
UnityEngine.Analytics.AnalyticsEventPriority,UnityEngine.Analytics,AnalyticsEventPriority,True,True
UnityEngine.Analytics.AnalyticsResult,UnityEngine.Analytics,AnalyticsResult,True,True
UnityEngine.Analytics.AnalyticsSessionInfo,UnityEngine.Analytics,AnalyticsSessionInfo,True,True
UnityEngine.Analytics.AnalyticsSessionState,UnityEngine.Analytics,AnalyticsSessionState,True,True
UnityEngine.Analytics.ContinuousEvent,UnityEngine.Analytics,ContinuousEvent,True,True
UnityEngine.Analytics.Gender,UnityEngine.Analytics,Gender,True,True
UnityEngine.Analytics.PerformanceReporting,UnityEngine.Analytics,PerformanceReporting,True,True
UnityEngine.AnchoredJoint2D,UnityEngine,AnchoredJoint2D,True,True
UnityEngine.Android.AndroidDevice,UnityEngine.Android,AndroidDevice,True,True
UnityEngine.Android.Permission,UnityEngine.Android,Permission,True,True
UnityEngine.AndroidActivityIndicatorStyle,UnityEngine,AndroidActivityIndicatorStyle,True,True
UnityEngine.AndroidInput,UnityEngine,AndroidInput,True,True
UnityEngine.AndroidJavaClass,UnityEngine,AndroidJavaClass,True,True
UnityEngine.AndroidJavaException,UnityEngine,AndroidJavaException,True,True
UnityEngine.AndroidJavaObject,UnityEngine,AndroidJavaObject,True,True
UnityEngine.AndroidJavaProxy,UnityEngine,AndroidJavaProxy,True,True
UnityEngine.AndroidJavaRunnable,UnityEngine,AndroidJavaRunnable,True,True
UnityEngine.AndroidJNI,UnityEngine,AndroidJNI,True,True
UnityEngine.AndroidJNIHelper,UnityEngine,AndroidJNIHelper,True,True
UnityEngine.Animation,UnityEngine,Animation,True,True
UnityEngine.AnimationBlendMode,UnityEngine,AnimationBlendMode,True,True
UnityEngine.AnimationClip,UnityEngine,AnimationClip,True,True
UnityEngine.AnimationCullingType,UnityEngine,AnimationCullingType,True,True
UnityEngine.AnimationCurve,UnityEngine,AnimationCurve,True,True
UnityEngine.AnimationEvent,UnityEngine,AnimationEvent,True,True
UnityEngine.AnimationPlayMode,UnityEngine,AnimationPlayMode,True,True
UnityEngine.Animations.AimConstraint,UnityEngine.Animations,AimConstraint,True,True
UnityEngine.Animations.AnimationClipPlayable,UnityEngine.Animations,AnimationClipPlayable,True,True
UnityEngine.Animations.AnimationHumanStream,UnityEngine.Animations,AnimationHumanStream,True,True
UnityEngine.Animations.AnimationLayerMixerPlayable,UnityEngine.Animations,AnimationLayerMixerPlayable,True,True
UnityEngine.Animations.AnimationMixerPlayable,UnityEngine.Animations,AnimationMixerPlayable,True,True
UnityEngine.Animations.AnimationPlayableBinding,UnityEngine.Animations,AnimationPlayableBinding,True,True
UnityEngine.Animations.AnimationPlayableExtensions,UnityEngine.Animations,AnimationPlayableExtensions,True,True
UnityEngine.Animations.AnimationPlayableOutput,UnityEngine.Animations,AnimationPlayableOutput,True,True
UnityEngine.Animations.AnimationSceneHandleUtility,UnityEngine.Animations,AnimationSceneHandleUtility,True,True
UnityEngine.Animations.AnimationScriptPlayable,UnityEngine.Animations,AnimationScriptPlayable,True,True
UnityEngine.Animations.AnimationStream,UnityEngine.Animations,AnimationStream,True,True
UnityEngine.Animations.AnimationStreamHandleUtility,UnityEngine.Animations,AnimationStreamHandleUtility,True,True
UnityEngine.Animations.AnimatorControllerPlayable,UnityEngine.Animations,AnimatorControllerPlayable,True,True
UnityEngine.Animations.AnimatorJobExtensions,UnityEngine.Animations,AnimatorJobExtensions,True,True
UnityEngine.Animations.Axis,UnityEngine.Animations,Axis,True,True
UnityEngine.Animations.ConstraintSource,UnityEngine.Animations,ConstraintSource,True,True
UnityEngine.Animations.CustomStreamPropertyType,UnityEngine.Animations,CustomStreamPropertyType,True,True
UnityEngine.Animations.LookAtConstraint,UnityEngine.Animations,LookAtConstraint,True,True
UnityEngine.Animations.MuscleHandle,UnityEngine.Animations,MuscleHandle,True,True
UnityEngine.Animations.NotKeyableAttribute,UnityEngine.Animations,NotKeyableAttribute,True,True
UnityEngine.Animations.ParentConstraint,UnityEngine.Animations,ParentConstraint,True,True
UnityEngine.Animations.PositionConstraint,UnityEngine.Animations,PositionConstraint,True,True
UnityEngine.Animations.PropertySceneHandle,UnityEngine.Animations,PropertySceneHandle,True,True
UnityEngine.Animations.PropertyStreamHandle,UnityEngine.Animations,PropertyStreamHandle,True,True
UnityEngine.Animations.RotationConstraint,UnityEngine.Animations,RotationConstraint,True,True
UnityEngine.Animations.ScaleConstraint,UnityEngine.Animations,ScaleConstraint,True,True
UnityEngine.Animations.TransformSceneHandle,UnityEngine.Animations,TransformSceneHandle,True,True
UnityEngine.Animations.TransformStreamHandle,UnityEngine.Animations,TransformStreamHandle,True,True
UnityEngine.AnimationState,UnityEngine,AnimationState,True,True
UnityEngine.Animator,UnityEngine,Animator,True,True
UnityEngine.AnimatorClipInfo,UnityEngine,AnimatorClipInfo,True,True
UnityEngine.AnimatorControllerParameter,UnityEngine,AnimatorControllerParameter,True,True
UnityEngine.AnimatorControllerParameterType,UnityEngine,AnimatorControllerParameterType,True,True
UnityEngine.AnimatorCullingMode,UnityEngine,AnimatorCullingMode,True,True
UnityEngine.AnimatorOverrideController,UnityEngine,AnimatorOverrideController,True,True
UnityEngine.AnimatorRecorderMode,UnityEngine,AnimatorRecorderMode,True,True
UnityEngine.AnimatorStateInfo,UnityEngine,AnimatorStateInfo,True,True
UnityEngine.AnimatorTransitionInfo,UnityEngine,AnimatorTransitionInfo,True,True
UnityEngine.AnimatorUpdateMode,UnityEngine,AnimatorUpdateMode,True,True
UnityEngine.AnimatorUtility,UnityEngine,AnimatorUtility,True,True
UnityEngine.AnisotropicFiltering,UnityEngine,AnisotropicFiltering,True,True
UnityEngine.Apple.ReplayKit.ReplayKit,UnityEngine.Apple.ReplayKit,ReplayKit,True,True
UnityEngine.Application,UnityEngine,Application,True,True
UnityEngine.ApplicationInstallMode,UnityEngine,ApplicationInstallMode,True,True
UnityEngine.ApplicationSandboxType,UnityEngine,ApplicationSandboxType,True,True
UnityEngine.AreaEffector2D,UnityEngine,AreaEffector2D,True,True
UnityEngine.ArmDof,UnityEngine,ArmDof,True,True
UnityEngine.AssemblyIsEditorAssembly,UnityEngine,AssemblyIsEditorAssembly,True,True
UnityEngine.AssetBundle,UnityEngine,AssetBundle,True,True
UnityEngine.AssetBundleCreateRequest,UnityEngine,AssetBundleCreateRequest,True,True
UnityEngine.AssetBundleLoadResult,UnityEngine,AssetBundleLoadResult,True,True
UnityEngine.AssetBundleManifest,UnityEngine,AssetBundleManifest,True,True
UnityEngine.AssetBundleRecompressOperation,UnityEngine,AssetBundleRecompressOperation,True,True
UnityEngine.AssetBundleRequest,UnityEngine,AssetBundleRequest,True,True
UnityEngine.AsyncOperation,UnityEngine,AsyncOperation,True,True
UnityEngine.Audio.AudioClipPlayable,UnityEngine.Audio,AudioClipPlayable,True,True
UnityEngine.Audio.AudioMixer,UnityEngine.Audio,AudioMixer,True,True
UnityEngine.Audio.AudioMixerGroup,UnityEngine.Audio,AudioMixerGroup,True,True
UnityEngine.Audio.AudioMixerPlayable,UnityEngine.Audio,AudioMixerPlayable,True,True
UnityEngine.Audio.AudioMixerSnapshot,UnityEngine.Audio,AudioMixerSnapshot,True,True
UnityEngine.Audio.AudioMixerUpdateMode,UnityEngine.Audio,AudioMixerUpdateMode,True,True
UnityEngine.Audio.AudioPlayableBinding,UnityEngine.Audio,AudioPlayableBinding,True,True
UnityEngine.Audio.AudioPlayableOutput,UnityEngine.Audio,AudioPlayableOutput,True,True
UnityEngine.AudioBehaviour,UnityEngine,AudioBehaviour,True,True
UnityEngine.AudioChorusFilter,UnityEngine,AudioChorusFilter,True,True
UnityEngine.AudioClip,UnityEngine,AudioClip,True,True
UnityEngine.AudioClipLoadType,UnityEngine,AudioClipLoadType,True,True
UnityEngine.AudioCompressionFormat,UnityEngine,AudioCompressionFormat,True,True
UnityEngine.AudioConfiguration,UnityEngine,AudioConfiguration,True,True
UnityEngine.AudioDataLoadState,UnityEngine,AudioDataLoadState,True,True
UnityEngine.AudioDistortionFilter,UnityEngine,AudioDistortionFilter,True,True
UnityEngine.AudioEchoFilter,UnityEngine,AudioEchoFilter,True,True
UnityEngine.AudioHighPassFilter,UnityEngine,AudioHighPassFilter,True,True
UnityEngine.AudioListener,UnityEngine,AudioListener,True,True
UnityEngine.AudioLowPassFilter,UnityEngine,AudioLowPassFilter,True,True
UnityEngine.AudioRenderer,UnityEngine,AudioRenderer,True,True
UnityEngine.AudioReverbFilter,UnityEngine,AudioReverbFilter,True,True
UnityEngine.AudioReverbPreset,UnityEngine,AudioReverbPreset,True,True
UnityEngine.AudioReverbZone,UnityEngine,AudioReverbZone,True,True
UnityEngine.AudioRolloffMode,UnityEngine,AudioRolloffMode,True,True
UnityEngine.AudioSettings,UnityEngine,AudioSettings,True,True
UnityEngine.AudioSource,UnityEngine,AudioSource,True,True
UnityEngine.AudioSourceCurveType,UnityEngine,AudioSourceCurveType,True,True
UnityEngine.AudioSpeakerMode,UnityEngine,AudioSpeakerMode,True,True
UnityEngine.AudioType,UnityEngine,AudioType,True,True
UnityEngine.AudioVelocityUpdateMode,UnityEngine,AudioVelocityUpdateMode,True,True
UnityEngine.Avatar,UnityEngine,Avatar,True,True
UnityEngine.AvatarBuilder,UnityEngine,AvatarBuilder,True,True
UnityEngine.AvatarIKGoal,UnityEngine,AvatarIKGoal,True,True
UnityEngine.AvatarIKHint,UnityEngine,AvatarIKHint,True,True
UnityEngine.AvatarMask,UnityEngine,AvatarMask,True,True
UnityEngine.AvatarMaskBodyPart,UnityEngine,AvatarMaskBodyPart,True,True
UnityEngine.AvatarTarget,UnityEngine,AvatarTarget,True,True
UnityEngine.BatteryStatus,UnityEngine,BatteryStatus,True,True
UnityEngine.BeforeRenderOrderAttribute,UnityEngine,BeforeRenderOrderAttribute,True,True
UnityEngine.Behaviour,UnityEngine,Behaviour,True,True
UnityEngine.BillboardAsset,UnityEngine,BillboardAsset,True,True
UnityEngine.BillboardRenderer,UnityEngine,BillboardRenderer,True,True
UnityEngine.BodyDof,UnityEngine,BodyDof,True,True
UnityEngine.BoneWeight,UnityEngine,BoneWeight,True,True
UnityEngine.BoneWeight1,UnityEngine,BoneWeight1,True,True
UnityEngine.BoundingSphere,UnityEngine,BoundingSphere,True,True
UnityEngine.Bounds,UnityEngine,Bounds,True,True
UnityEngine.BoundsInt,UnityEngine,BoundsInt,True,True
UnityEngine.BoxcastCommand,UnityEngine,BoxcastCommand,True,True
UnityEngine.BoxCollider,UnityEngine,BoxCollider,True,True
UnityEngine.BoxCollider2D,UnityEngine,BoxCollider2D,True,True
UnityEngine.BuildCompression,UnityEngine,BuildCompression,True,True
UnityEngine.BuoyancyEffector2D,UnityEngine,BuoyancyEffector2D,True,True
UnityEngine.Cache,UnityEngine,Cache,True,True
UnityEngine.CachedAssetBundle,UnityEngine,CachedAssetBundle,True,True
UnityEngine.Caching,UnityEngine,Caching,True,True
UnityEngine.Camera,UnityEngine,Camera,True,True
UnityEngine.CameraClearFlags,UnityEngine,CameraClearFlags,True,True
UnityEngine.CameraType,UnityEngine,CameraType,True,True
UnityEngine.Canvas,UnityEngine,Canvas,True,True
UnityEngine.CanvasGroup,UnityEngine,CanvasGroup,True,True
UnityEngine.CanvasRenderer,UnityEngine,CanvasRenderer,True,True
UnityEngine.CapsulecastCommand,UnityEngine,CapsulecastCommand,True,True
UnityEngine.CapsuleCollider,UnityEngine,CapsuleCollider,True,True
UnityEngine.CapsuleCollider2D,UnityEngine,CapsuleCollider2D,True,True
UnityEngine.CapsuleDirection2D,UnityEngine,CapsuleDirection2D,True,True
UnityEngine.CharacterController,UnityEngine,CharacterController,True,True
UnityEngine.CharacterInfo,UnityEngine,CharacterInfo,True,True
UnityEngine.CharacterJoint,UnityEngine,CharacterJoint,True,True
UnityEngine.CircleCollider2D,UnityEngine,CircleCollider2D,True,True
UnityEngine.Cloth,UnityEngine,Cloth,True,True
UnityEngine.ClothSkinningCoefficient,UnityEngine,ClothSkinningCoefficient,True,True
UnityEngine.ClothSphereColliderPair,UnityEngine,ClothSphereColliderPair,True,True
UnityEngine.ClusterInput,UnityEngine,ClusterInput,True,True
UnityEngine.ClusterInputType,UnityEngine,ClusterInputType,True,True
UnityEngine.ClusterNetwork,UnityEngine,ClusterNetwork,True,True
UnityEngine.Collider,UnityEngine,Collider,True,True
UnityEngine.Collider2D,UnityEngine,Collider2D,True,True
UnityEngine.ColliderDistance2D,UnityEngine,ColliderDistance2D,True,True
UnityEngine.Collision,UnityEngine,Collision,True,True
UnityEngine.Collision2D,UnityEngine,Collision2D,True,True
UnityEngine.CollisionDetectionMode,UnityEngine,CollisionDetectionMode,True,True
UnityEngine.CollisionDetectionMode2D,UnityEngine,CollisionDetectionMode2D,True,True
UnityEngine.CollisionFlags,UnityEngine,CollisionFlags,True,True
UnityEngine.Color,UnityEngine,Color,True,True
UnityEngine.Color32,UnityEngine,Color32,True,True
UnityEngine.ColorGamut,UnityEngine,ColorGamut,True,True
UnityEngine.ColorSpace,UnityEngine,ColorSpace,True,True
UnityEngine.ColorUsageAttribute,UnityEngine,ColorUsageAttribute,True,True
UnityEngine.ColorUtility,UnityEngine,ColorUtility,True,True
UnityEngine.CombineInstance,UnityEngine,CombineInstance,True,True
UnityEngine.Compass,UnityEngine,Compass,True,True
UnityEngine.Component,UnityEngine,Component,True,True
UnityEngine.CompositeCollider2D,UnityEngine,CompositeCollider2D,True,True
UnityEngine.CompressionLevel,UnityEngine,CompressionLevel,True,True
UnityEngine.CompressionType,UnityEngine,CompressionType,True,True
UnityEngine.ComputeBuffer,UnityEngine,ComputeBuffer,True,True
UnityEngine.ComputeBufferMode,UnityEngine,ComputeBufferMode,True,True
UnityEngine.ComputeBufferType,UnityEngine,ComputeBufferType,True,True
UnityEngine.ComputeShader,UnityEngine,ComputeShader,True,True
UnityEngine.ConfigurableJoint,UnityEngine,ConfigurableJoint,True,True
UnityEngine.ConfigurableJointMotion,UnityEngine,ConfigurableJointMotion,True,True
UnityEngine.ConstantForce,UnityEngine,ConstantForce,True,True
UnityEngine.ConstantForce2D,UnityEngine,ConstantForce2D,True,True
UnityEngine.ContactFilter2D,UnityEngine,ContactFilter2D,True,True
UnityEngine.ContactPoint,UnityEngine,ContactPoint,True,True
UnityEngine.ContactPoint2D,UnityEngine,ContactPoint2D,True,True
UnityEngine.ContextMenu,UnityEngine,ContextMenu,True,True
UnityEngine.ContextMenuItemAttribute,UnityEngine,ContextMenuItemAttribute,True,True
UnityEngine.ControllerColliderHit,UnityEngine,ControllerColliderHit,True,True
UnityEngine.Coroutine,UnityEngine,Coroutine,True,True
UnityEngine.CrashReport,UnityEngine,CrashReport,True,True
UnityEngine.CreateAssetMenuAttribute,UnityEngine,CreateAssetMenuAttribute,True,True
UnityEngine.Cubemap,UnityEngine,Cubemap,True,True
UnityEngine.CubemapArray,UnityEngine,CubemapArray,True,True
UnityEngine.CubemapFace,UnityEngine,CubemapFace,True,True
UnityEngine.CullingGroup,UnityEngine,CullingGroup,True,True
UnityEngine.CullingGroupEvent,UnityEngine,CullingGroupEvent,True,True
UnityEngine.Cursor,UnityEngine,Cursor,True,True
UnityEngine.CursorLockMode,UnityEngine,CursorLockMode,True,True
UnityEngine.CursorMode,UnityEngine,CursorMode,True,True
UnityEngine.CustomGridBrushAttribute,UnityEngine,CustomGridBrushAttribute,True,True
UnityEngine.CustomRenderTexture,UnityEngine,CustomRenderTexture,True,True
UnityEngine.CustomRenderTextureInitializationSource,UnityEngine,CustomRenderTextureInitializationSource,True,True
UnityEngine.CustomRenderTextureUpdateMode,UnityEngine,CustomRenderTextureUpdateMode,True,True
UnityEngine.CustomRenderTextureUpdateZone,UnityEngine,CustomRenderTextureUpdateZone,True,True
UnityEngine.CustomRenderTextureUpdateZoneSpace,UnityEngine,CustomRenderTextureUpdateZoneSpace,True,True
UnityEngine.CustomYieldInstruction,UnityEngine,CustomYieldInstruction,True,True
UnityEngine.D3DHDRDisplayBitDepth,UnityEngine,D3DHDRDisplayBitDepth,True,True
UnityEngine.Debug,UnityEngine,Debug,True,True
UnityEngine.DefaultExecutionOrder,UnityEngine,DefaultExecutionOrder,True,True
UnityEngine.DelayedAttribute,UnityEngine,DelayedAttribute,True,True
UnityEngine.DepthTextureMode,UnityEngine,DepthTextureMode,True,True
UnityEngine.DetailPrototype,UnityEngine,DetailPrototype,True,True
UnityEngine.DetailRenderMode,UnityEngine,DetailRenderMode,True,True
UnityEngine.DeviceOrientation,UnityEngine,DeviceOrientation,True,True
UnityEngine.DeviceType,UnityEngine,DeviceType,True,True
UnityEngine.Diagnostics.ForcedCrashCategory,UnityEngine.Diagnostics,ForcedCrashCategory,True,True
UnityEngine.Diagnostics.PlayerConnection,UnityEngine.Diagnostics,PlayerConnection,True,True
UnityEngine.Diagnostics.Utils,UnityEngine.Diagnostics,Utils,True,True
UnityEngine.DisallowMultipleComponent,UnityEngine,DisallowMultipleComponent,True,True
UnityEngine.Display,UnityEngine,Display,True,True
UnityEngine.DistanceJoint2D,UnityEngine,DistanceJoint2D,True,True
UnityEngine.DrivenRectTransformTracker,UnityEngine,DrivenRectTransformTracker,True,True
UnityEngine.DrivenTransformProperties,UnityEngine,DrivenTransformProperties,True,True
UnityEngine.DurationUnit,UnityEngine,DurationUnit,True,True
UnityEngine.DynamicGI,UnityEngine,DynamicGI,True,True
UnityEngine.EdgeCollider2D,UnityEngine,EdgeCollider2D,True,True
UnityEngine.Effector2D,UnityEngine,Effector2D,True,True
UnityEngine.EffectorForceMode2D,UnityEngine,EffectorForceMode2D,True,True
UnityEngine.EffectorSelection2D,UnityEngine,EffectorSelection2D,True,True
UnityEngine.Event,UnityEngine,Event,True,True
UnityEngine.EventModifiers,UnityEngine,EventModifiers,True,True
UnityEngine.EventProvider,UnityEngine,EventProvider,True,True
UnityEngine.Events.PersistentListenerMode,UnityEngine.Events,PersistentListenerMode,True,True
UnityEngine.Events.UnityAction,UnityEngine.Events,UnityAction,True,True
UnityEngine.Events.UnityEvent,UnityEngine.Events,UnityEvent,True,True
UnityEngine.Events.UnityEventBase,UnityEngine.Events,UnityEventBase,True,True
UnityEngine.Events.UnityEventCallState,UnityEngine.Events,UnityEventCallState,True,True
UnityEngine.EventSystems.AbstractEventData,UnityEngine.EventSystems,AbstractEventData,True,True
UnityEngine.EventSystems.AxisEventData,UnityEngine.EventSystems,AxisEventData,True,True
UnityEngine.EventSystems.BaseEventData,UnityEngine.EventSystems,BaseEventData,True,True
UnityEngine.EventSystems.BaseInput,UnityEngine.EventSystems,BaseInput,True,True
UnityEngine.EventSystems.BaseInputModule,UnityEngine.EventSystems,BaseInputModule,True,True
UnityEngine.EventSystems.BaseRaycaster,UnityEngine.EventSystems,BaseRaycaster,True,True
UnityEngine.EventSystems.EventHandle,UnityEngine.EventSystems,EventHandle,True,True
UnityEngine.EventSystems.EventSystem,UnityEngine.EventSystems,EventSystem,True,True
UnityEngine.EventSystems.EventTrigger,UnityEngine.EventSystems,EventTrigger,True,True
UnityEngine.EventSystems.EventTriggerType,UnityEngine.EventSystems,EventTriggerType,True,True
UnityEngine.EventSystems.ExecuteEvents,UnityEngine.EventSystems,ExecuteEvents,True,True
UnityEngine.EventSystems.MoveDirection,UnityEngine.EventSystems,MoveDirection,True,True
UnityEngine.EventSystems.Physics2DRaycaster,UnityEngine.EventSystems,Physics2DRaycaster,True,True
UnityEngine.EventSystems.PhysicsRaycaster,UnityEngine.EventSystems,PhysicsRaycaster,True,True
UnityEngine.EventSystems.PointerEventData,UnityEngine.EventSystems,PointerEventData,True,True
UnityEngine.EventSystems.PointerInputModule,UnityEngine.EventSystems,PointerInputModule,True,True
UnityEngine.EventSystems.RaycastResult,UnityEngine.EventSystems,RaycastResult,True,True
UnityEngine.EventSystems.StandaloneInputModule,UnityEngine.EventSystems,StandaloneInputModule,True,True
UnityEngine.EventSystems.UIBehaviour,UnityEngine.EventSystems,UIBehaviour,True,True
UnityEngine.EventType,UnityEngine,EventType,True,True
UnityEngine.ExcludeFromObjectFactoryAttribute,UnityEngine,ExcludeFromObjectFactoryAttribute,True,True
UnityEngine.ExcludeFromPresetAttribute,UnityEngine,ExcludeFromPresetAttribute,True,True
UnityEngine.ExecuteAlways,UnityEngine,ExecuteAlways,True,True
UnityEngine.ExecuteInEditMode,UnityEngine,ExecuteInEditMode,True,True
UnityEngine.ExitGUIException,UnityEngine,ExitGUIException,True,True
UnityEngine.Experimental.AI.NavMeshLocation,UnityEngine.Experimental.AI,NavMeshLocation,True,True
UnityEngine.Experimental.AI.NavMeshPolyTypes,UnityEngine.Experimental.AI,NavMeshPolyTypes,True,True
UnityEngine.Experimental.AI.NavMeshQuery,UnityEngine.Experimental.AI,NavMeshQuery,True,True
UnityEngine.Experimental.AI.NavMeshWorld,UnityEngine.Experimental.AI,NavMeshWorld,True,True
UnityEngine.Experimental.AI.PathQueryStatus,UnityEngine.Experimental.AI,PathQueryStatus,True,True
UnityEngine.Experimental.AI.PolygonId,UnityEngine.Experimental.AI,PolygonId,True,True
UnityEngine.Experimental.Animations.AnimationPlayableOutputExtensions,UnityEngine.Experimental.Animations,AnimationPlayableOutputExtensions,True,True
UnityEngine.Experimental.Animations.AnimationStreamSource,UnityEngine.Experimental.Animations,AnimationStreamSource,True,True
UnityEngine.Experimental.AssetBundlePatching.AssetBundleUtility,UnityEngine.Experimental.AssetBundlePatching,AssetBundleUtility,True,True
UnityEngine.Experimental.Audio.AudioSampleProvider,UnityEngine.Experimental.Audio,AudioSampleProvider,True,True
UnityEngine.Experimental.GlobalIllumination.AngularFalloffType,UnityEngine.Experimental.GlobalIllumination,AngularFalloffType,True,True
UnityEngine.Experimental.GlobalIllumination.DirectionalLight,UnityEngine.Experimental.GlobalIllumination,DirectionalLight,True,True
UnityEngine.Experimental.GlobalIllumination.DiscLight,UnityEngine.Experimental.GlobalIllumination,DiscLight,True,True
UnityEngine.Experimental.GlobalIllumination.FalloffType,UnityEngine.Experimental.GlobalIllumination,FalloffType,True,True
UnityEngine.Experimental.GlobalIllumination.LightDataGI,UnityEngine.Experimental.GlobalIllumination,LightDataGI,True,True
UnityEngine.Experimental.GlobalIllumination.LightmapperUtils,UnityEngine.Experimental.GlobalIllumination,LightmapperUtils,True,True
UnityEngine.Experimental.GlobalIllumination.Lightmapping,UnityEngine.Experimental.GlobalIllumination,Lightmapping,True,True
UnityEngine.Experimental.GlobalIllumination.LightMode,UnityEngine.Experimental.GlobalIllumination,LightMode,True,True
UnityEngine.Experimental.GlobalIllumination.LightType,UnityEngine.Experimental.GlobalIllumination,LightType,True,True
UnityEngine.Experimental.GlobalIllumination.LinearColor,UnityEngine.Experimental.GlobalIllumination,LinearColor,True,True
UnityEngine.Experimental.GlobalIllumination.PointLight,UnityEngine.Experimental.GlobalIllumination,PointLight,True,True
UnityEngine.Experimental.GlobalIllumination.RectangleLight,UnityEngine.Experimental.GlobalIllumination,RectangleLight,True,True
UnityEngine.Experimental.GlobalIllumination.RenderSettings,UnityEngine.Experimental.GlobalIllumination,RenderSettings,True,True
UnityEngine.Experimental.GlobalIllumination.SpotLight,UnityEngine.Experimental.GlobalIllumination,SpotLight,True,True
UnityEngine.Experimental.GlobalIllumination.SpotLightBoxShape,UnityEngine.Experimental.GlobalIllumination,SpotLightBoxShape,True,True
UnityEngine.Experimental.GlobalIllumination.SpotLightPyramidShape,UnityEngine.Experimental.GlobalIllumination,SpotLightPyramidShape,True,True
UnityEngine.Experimental.Networking.PlayerConnection.ConnectionTarget,UnityEngine.Experimental.Networking.PlayerConnection,ConnectionTarget,True,True
UnityEngine.Experimental.Playables.CameraPlayable,UnityEngine.Experimental.Playables,CameraPlayable,True,True
UnityEngine.Experimental.Playables.MaterialEffectPlayable,UnityEngine.Experimental.Playables,MaterialEffectPlayable,True,True
UnityEngine.Experimental.Playables.TextureMixerPlayable,UnityEngine.Experimental.Playables,TextureMixerPlayable,True,True
UnityEngine.Experimental.Playables.TexturePlayableBinding,UnityEngine.Experimental.Playables,TexturePlayableBinding,True,True
UnityEngine.Experimental.Playables.TexturePlayableOutput,UnityEngine.Experimental.Playables,TexturePlayableOutput,True,True
UnityEngine.Experimental.Rendering.DefaultFormat,UnityEngine.Experimental.Rendering,DefaultFormat,True,True
UnityEngine.Experimental.Rendering.FormatUsage,UnityEngine.Experimental.Rendering,FormatUsage,True,True
UnityEngine.Experimental.Rendering.GraphicsDeviceSettings,UnityEngine.Experimental.Rendering,GraphicsDeviceSettings,True,True
UnityEngine.Experimental.Rendering.GraphicsFormat,UnityEngine.Experimental.Rendering,GraphicsFormat,True,True
UnityEngine.Experimental.Rendering.GraphicsFormatUtility,UnityEngine.Experimental.Rendering,GraphicsFormatUtility,True,True
UnityEngine.Experimental.Rendering.GraphicsJobsSyncPoint,UnityEngine.Experimental.Rendering,GraphicsJobsSyncPoint,True,True
UnityEngine.Experimental.Rendering.RayTracingAccelerationStructure,UnityEngine.Experimental.Rendering,RayTracingAccelerationStructure,True,True
UnityEngine.Experimental.Rendering.RayTracingMode,UnityEngine.Experimental.Rendering,RayTracingMode,True,True
UnityEngine.Experimental.Rendering.RayTracingShader,UnityEngine.Experimental.Rendering,RayTracingShader,True,True
UnityEngine.Experimental.Rendering.ScriptableRuntimeReflectionSystem,UnityEngine.Experimental.Rendering,ScriptableRuntimeReflectionSystem,True,True
UnityEngine.Experimental.Rendering.ScriptableRuntimeReflectionSystemSettings,UnityEngine.Experimental.Rendering,ScriptableRuntimeReflectionSystemSettings,True,True
UnityEngine.Experimental.Rendering.ShaderWarmup,UnityEngine.Experimental.Rendering,ShaderWarmup,True,True
UnityEngine.Experimental.Rendering.ShaderWarmupSetup,UnityEngine.Experimental.Rendering,ShaderWarmupSetup,True,True
UnityEngine.Experimental.Rendering.TextureCreationFlags,UnityEngine.Experimental.Rendering,TextureCreationFlags,True,True
UnityEngine.Experimental.Rendering.WaitForPresentSyncPoint,UnityEngine.Experimental.Rendering,WaitForPresentSyncPoint,True,True
UnityEngine.Experimental.TerrainAPI.BrushTransform,UnityEngine.Experimental.TerrainAPI,BrushTransform,True,True
UnityEngine.Experimental.TerrainAPI.PaintContext,UnityEngine.Experimental.TerrainAPI,PaintContext,True,True
UnityEngine.Experimental.TerrainAPI.TerrainCallbacks,UnityEngine.Experimental.TerrainAPI,TerrainCallbacks,True,True
UnityEngine.Experimental.TerrainAPI.TerrainPaintUtility,UnityEngine.Experimental.TerrainAPI,TerrainPaintUtility,True,True
UnityEngine.Experimental.TerrainAPI.TerrainUtility,UnityEngine.Experimental.TerrainAPI,TerrainUtility,True,True
UnityEngine.Experimental.Video.VideoClipPlayable,UnityEngine.Experimental.Video,VideoClipPlayable,True,True
UnityEngine.Experimental.Video.VideoPlayerExtensions,UnityEngine.Experimental.Video,VideoPlayerExtensions,True,True
UnityEngine.Experimental.XR.Boundary,UnityEngine.Experimental.XR,Boundary,True,True
UnityEngine.ExposedPropertyResolver,UnityEngine,ExposedPropertyResolver,True,True
UnityEngine.FFTWindow,UnityEngine,FFTWindow,True,True
UnityEngine.FilterMode,UnityEngine,FilterMode,True,True
UnityEngine.FingerDof,UnityEngine,FingerDof,True,True
UnityEngine.FixedJoint,UnityEngine,FixedJoint,True,True
UnityEngine.FixedJoint2D,UnityEngine,FixedJoint2D,True,True
UnityEngine.Flare,UnityEngine,Flare,True,True
UnityEngine.FlareLayer,UnityEngine,FlareLayer,True,True
UnityEngine.FocusType,UnityEngine,FocusType,True,True
UnityEngine.FogMode,UnityEngine,FogMode,True,True
UnityEngine.Font,UnityEngine,Font,True,True
UnityEngine.FontStyle,UnityEngine,FontStyle,True,True
UnityEngine.ForceMode,UnityEngine,ForceMode,True,True
UnityEngine.ForceMode2D,UnityEngine,ForceMode2D,True,True
UnityEngine.FrameTiming,UnityEngine,FrameTiming,True,True
UnityEngine.FrameTimingManager,UnityEngine,FrameTimingManager,True,True
UnityEngine.FrictionJoint2D,UnityEngine,FrictionJoint2D,True,True
UnityEngine.FrustumPlanes,UnityEngine,FrustumPlanes,True,True
UnityEngine.FullScreenMode,UnityEngine,FullScreenMode,True,True
UnityEngine.FullScreenMovieControlMode,UnityEngine,FullScreenMovieControlMode,True,True
UnityEngine.FullScreenMovieScalingMode,UnityEngine,FullScreenMovieScalingMode,True,True
UnityEngine.GameObject,UnityEngine,GameObject,True,True
UnityEngine.GeometryUtility,UnityEngine,GeometryUtility,True,True
UnityEngine.Gizmos,UnityEngine,Gizmos,True,True
UnityEngine.GL,UnityEngine,GL,True,True
UnityEngine.Gradient,UnityEngine,Gradient,True,True
UnityEngine.GradientAlphaKey,UnityEngine,GradientAlphaKey,True,True
UnityEngine.GradientColorKey,UnityEngine,GradientColorKey,True,True
UnityEngine.GradientMode,UnityEngine,GradientMode,True,True
UnityEngine.GradientUsageAttribute,UnityEngine,GradientUsageAttribute,True,True
UnityEngine.Graphics,UnityEngine,Graphics,True,True
UnityEngine.GraphicsBuffer,UnityEngine,GraphicsBuffer,True,True
UnityEngine.Grid,UnityEngine,Grid,True,True
UnityEngine.GridBrushBase,UnityEngine,GridBrushBase,True,True
UnityEngine.GridLayout,UnityEngine,GridLayout,True,True
UnityEngine.GUI,UnityEngine,GUI,True,True
UnityEngine.GUIContent,UnityEngine,GUIContent,True,True
UnityEngine.GUILayout,UnityEngine,GUILayout,True,True
UnityEngine.GUILayoutOption,UnityEngine,GUILayoutOption,True,True
UnityEngine.GUILayoutUtility,UnityEngine,GUILayoutUtility,True,True
UnityEngine.GUISettings,UnityEngine,GUISettings,True,True
UnityEngine.GUISkin,UnityEngine,GUISkin,True,True
UnityEngine.GUIStyle,UnityEngine,GUIStyle,True,True
UnityEngine.GUIStyleState,UnityEngine,GUIStyleState,True,True
UnityEngine.GUITargetAttribute,UnityEngine,GUITargetAttribute,True,True
UnityEngine.GUIUtility,UnityEngine,GUIUtility,True,True
UnityEngine.Gyroscope,UnityEngine,Gyroscope,True,True
UnityEngine.Handheld,UnityEngine,Handheld,True,True
UnityEngine.Hash128,UnityEngine,Hash128,True,True
UnityEngine.HashUnsafeUtilities,UnityEngine,HashUnsafeUtilities,False,False
UnityEngine.HashUtilities,UnityEngine,HashUtilities,True,True
UnityEngine.HDROutputSettings,UnityEngine,HDROutputSettings,True,True
UnityEngine.HeadDof,UnityEngine,HeadDof,True,True
UnityEngine.HeaderAttribute,UnityEngine,HeaderAttribute,True,True
UnityEngine.HelpURLAttribute,UnityEngine,HelpURLAttribute,True,True
UnityEngine.HideFlags,UnityEngine,HideFlags,True,True
UnityEngine.HideInInspector,UnityEngine,HideInInspector,True,True
UnityEngine.HingeJoint,UnityEngine,HingeJoint,True,True
UnityEngine.HingeJoint2D,UnityEngine,HingeJoint2D,True,True
UnityEngine.HorizontalWrapMode,UnityEngine,HorizontalWrapMode,True,True
UnityEngine.HumanBodyBones,UnityEngine,HumanBodyBones,True,True
UnityEngine.HumanBone,UnityEngine,HumanBone,True,True
UnityEngine.HumanDescription,UnityEngine,HumanDescription,True,True
UnityEngine.HumanLimit,UnityEngine,HumanLimit,True,True
UnityEngine.HumanPartDof,UnityEngine,HumanPartDof,True,True
UnityEngine.HumanPose,UnityEngine,HumanPose,True,True
UnityEngine.HumanPoseHandler,UnityEngine,HumanPoseHandler,True,True
UnityEngine.HumanTrait,UnityEngine,HumanTrait,True,True
UnityEngine.ImageConversion,UnityEngine,ImageConversion,True,True
UnityEngine.ImageEffectAfterScale,UnityEngine,ImageEffectAfterScale,True,True
UnityEngine.ImageEffectAllowedInSceneView,UnityEngine,ImageEffectAllowedInSceneView,True,True
UnityEngine.ImageEffectOpaque,UnityEngine,ImageEffectOpaque,True,True
UnityEngine.ImageEffectTransformsToLDR,UnityEngine,ImageEffectTransformsToLDR,True,True
UnityEngine.ImageEffectUsesCommandBuffer,UnityEngine,ImageEffectUsesCommandBuffer,True,True
UnityEngine.ImagePosition,UnityEngine,ImagePosition,True,True
UnityEngine.IMECompositionMode,UnityEngine,IMECompositionMode,True,True
UnityEngine.Input,UnityEngine,Input,True,True
UnityEngine.InspectorNameAttribute,UnityEngine,InspectorNameAttribute,True,True
UnityEngine.IntegratedSubsystem,UnityEngine,IntegratedSubsystem,True,True
UnityEngine.IntegratedSubsystemDescriptor,UnityEngine,IntegratedSubsystemDescriptor,True,True
UnityEngine.iOS.ActivityIndicatorStyle,UnityEngine.iOS,ActivityIndicatorStyle,True,True
UnityEngine.iOS.CalendarIdentifier,UnityEngine.iOS,CalendarIdentifier,True,True
UnityEngine.iOS.CalendarUnit,UnityEngine.iOS,CalendarUnit,True,True
UnityEngine.iOS.Device,UnityEngine.iOS,Device,True,True
UnityEngine.iOS.DeviceGeneration,UnityEngine.iOS,DeviceGeneration,True,True
UnityEngine.iOS.LocalNotification,UnityEngine.iOS,LocalNotification,True,True
UnityEngine.iOS.NotificationServices,UnityEngine.iOS,NotificationServices,True,True
UnityEngine.iOS.NotificationType,UnityEngine.iOS,NotificationType,True,True
UnityEngine.iOS.OnDemandResources,UnityEngine.iOS,OnDemandResources,True,True
UnityEngine.iOS.OnDemandResourcesRequest,UnityEngine.iOS,OnDemandResourcesRequest,True,True
UnityEngine.iOS.RemoteNotification,UnityEngine.iOS,RemoteNotification,True,True
UnityEngine.iOS.SystemGestureDeferMode,UnityEngine.iOS,SystemGestureDeferMode,True,True
UnityEngine.iPhoneSettings,UnityEngine,iPhoneSettings,True,True
UnityEngine.iPhoneUtils,UnityEngine,iPhoneUtils,True,True
UnityEngine.Joint,UnityEngine,Joint,True,True
UnityEngine.Joint2D,UnityEngine,Joint2D,True,True
UnityEngine.JointAngleLimits2D,UnityEngine,JointAngleLimits2D,True,True
UnityEngine.JointDrive,UnityEngine,JointDrive,True,True
UnityEngine.JointLimits,UnityEngine,JointLimits,True,True
UnityEngine.JointLimitState2D,UnityEngine,JointLimitState2D,True,True
UnityEngine.JointMotor,UnityEngine,JointMotor,True,True
UnityEngine.JointMotor2D,UnityEngine,JointMotor2D,True,True
UnityEngine.JointProjectionMode,UnityEngine,JointProjectionMode,True,True
UnityEngine.JointSpring,UnityEngine,JointSpring,True,True
UnityEngine.JointSuspension2D,UnityEngine,JointSuspension2D,True,True
UnityEngine.JointTranslationLimits2D,UnityEngine,JointTranslationLimits2D,True,True
UnityEngine.JsonUtility,UnityEngine,JsonUtility,True,True
UnityEngine.jvalue,UnityEngine,jvalue,True,True
UnityEngine.KeyCode,UnityEngine,KeyCode,True,True
UnityEngine.Keyframe,UnityEngine,Keyframe,True,True
UnityEngine.LayerMask,UnityEngine,LayerMask,True,True
UnityEngine.LegDof,UnityEngine,LegDof,True,True
UnityEngine.LensFlare,UnityEngine,LensFlare,True,True
UnityEngine.Light,UnityEngine,Light,True,True
UnityEngine.LightBakingOutput,UnityEngine,LightBakingOutput,True,True
UnityEngine.LightmapBakeType,UnityEngine,LightmapBakeType,True,True
UnityEngine.LightmapData,UnityEngine,LightmapData,True,True
UnityEngine.LightmapSettings,UnityEngine,LightmapSettings,True,True
UnityEngine.LightmapsMode,UnityEngine,LightmapsMode,True,True
UnityEngine.LightmapsModeLegacy,UnityEngine,LightmapsModeLegacy,True,True
UnityEngine.LightProbeGroup,UnityEngine,LightProbeGroup,True,True
UnityEngine.LightProbeProxyVolume,UnityEngine,LightProbeProxyVolume,True,True
UnityEngine.LightProbes,UnityEngine,LightProbes,True,True
UnityEngine.LightRenderMode,UnityEngine,LightRenderMode,True,True
UnityEngine.LightShadowCasterMode,UnityEngine,LightShadowCasterMode,True,True
UnityEngine.LightShadows,UnityEngine,LightShadows,True,True
UnityEngine.LightShape,UnityEngine,LightShape,True,True
UnityEngine.LightType,UnityEngine,LightType,True,True
UnityEngine.LineAlignment,UnityEngine,LineAlignment,True,True
UnityEngine.LineRenderer,UnityEngine,LineRenderer,True,True
UnityEngine.LineTextureMode,UnityEngine,LineTextureMode,True,True
UnityEngine.LineUtility,UnityEngine,LineUtility,True,True
UnityEngine.LocalizationAsset,UnityEngine,LocalizationAsset,True,True
UnityEngine.LocationInfo,UnityEngine,LocationInfo,True,True
UnityEngine.LocationService,UnityEngine,LocationService,True,True
UnityEngine.LocationServiceStatus,UnityEngine,LocationServiceStatus,True,True
UnityEngine.LOD,UnityEngine,LOD,True,True
UnityEngine.LODFadeMode,UnityEngine,LODFadeMode,True,True
UnityEngine.LODGroup,UnityEngine,LODGroup,True,True
UnityEngine.Logger,UnityEngine,Logger,True,True
UnityEngine.LogOption,UnityEngine,LogOption,True,True
UnityEngine.LogType,UnityEngine,LogType,True,True
UnityEngine.MatchTargetWeightMask,UnityEngine,MatchTargetWeightMask,True,True
UnityEngine.Material,UnityEngine,Material,True,True
UnityEngine.MaterialGlobalIlluminationFlags,UnityEngine,MaterialGlobalIlluminationFlags,True,True
UnityEngine.MaterialPropertyBlock,UnityEngine,MaterialPropertyBlock,True,True
UnityEngine.Mathf,UnityEngine,Mathf,True,True
UnityEngine.Matrix4x4,UnityEngine,Matrix4x4,True,True
UnityEngine.Mesh,UnityEngine,Mesh,True,True
UnityEngine.MeshCollider,UnityEngine,MeshCollider,True,True
UnityEngine.MeshColliderCookingOptions,UnityEngine,MeshColliderCookingOptions,True,True
UnityEngine.MeshFilter,UnityEngine,MeshFilter,True,True
UnityEngine.MeshRenderer,UnityEngine,MeshRenderer,True,True
UnityEngine.MeshTopology,UnityEngine,MeshTopology,True,True
UnityEngine.Microphone,UnityEngine,Microphone,True,True
UnityEngine.MinAttribute,UnityEngine,MinAttribute,True,True
UnityEngine.MissingComponentException,UnityEngine,MissingComponentException,True,True
UnityEngine.MissingReferenceException,UnityEngine,MissingReferenceException,True,True
UnityEngine.MixedLightingMode,UnityEngine,MixedLightingMode,True,True
UnityEngine.MonoBehaviour,UnityEngine,MonoBehaviour,True,True
UnityEngine.Motion,UnityEngine,Motion,True,True
UnityEngine.MotionVectorGenerationMode,UnityEngine,MotionVectorGenerationMode,True,True
UnityEngine.MultilineAttribute,UnityEngine,MultilineAttribute,True,True
UnityEngine.NetworkReachability,UnityEngine,NetworkReachability,True,True
UnityEngine.NPOTSupport,UnityEngine,NPOTSupport,True,True
UnityEngine.Object,UnityEngine,Object,True,True
UnityEngine.OcclusionArea,UnityEngine,OcclusionArea,True,True
UnityEngine.OcclusionPortal,UnityEngine,OcclusionPortal,True,True
UnityEngine.OperatingSystemFamily,UnityEngine,OperatingSystemFamily,True,True
UnityEngine.ParticleCollisionEvent,UnityEngine,ParticleCollisionEvent,True,True
UnityEngine.ParticlePhysicsExtensions,UnityEngine,ParticlePhysicsExtensions,True,True
UnityEngine.ParticleSystem,UnityEngine,ParticleSystem,True,True
UnityEngine.ParticleSystemAnimationMode,UnityEngine,ParticleSystemAnimationMode,True,True
UnityEngine.ParticleSystemAnimationRowMode,UnityEngine,ParticleSystemAnimationRowMode,True,True
UnityEngine.ParticleSystemAnimationTimeMode,UnityEngine,ParticleSystemAnimationTimeMode,True,True
UnityEngine.ParticleSystemAnimationType,UnityEngine,ParticleSystemAnimationType,True,True
UnityEngine.ParticleSystemCollisionMode,UnityEngine,ParticleSystemCollisionMode,True,True
UnityEngine.ParticleSystemCollisionQuality,UnityEngine,ParticleSystemCollisionQuality,True,True
UnityEngine.ParticleSystemCollisionType,UnityEngine,ParticleSystemCollisionType,True,True
UnityEngine.ParticleSystemCullingMode,UnityEngine,ParticleSystemCullingMode,True,True
UnityEngine.ParticleSystemCurveMode,UnityEngine,ParticleSystemCurveMode,True,True
UnityEngine.ParticleSystemCustomData,UnityEngine,ParticleSystemCustomData,True,True
UnityEngine.ParticleSystemCustomDataMode,UnityEngine,ParticleSystemCustomDataMode,True,True
UnityEngine.ParticleSystemEmitterVelocityMode,UnityEngine,ParticleSystemEmitterVelocityMode,True,True
UnityEngine.ParticleSystemForceField,UnityEngine,ParticleSystemForceField,True,True
UnityEngine.ParticleSystemForceFieldShape,UnityEngine,ParticleSystemForceFieldShape,True,True
UnityEngine.ParticleSystemGameObjectFilter,UnityEngine,ParticleSystemGameObjectFilter,True,True
UnityEngine.ParticleSystemGradientMode,UnityEngine,ParticleSystemGradientMode,True,True
UnityEngine.ParticleSystemInheritVelocityMode,UnityEngine,ParticleSystemInheritVelocityMode,True,True
UnityEngine.ParticleSystemMeshShapeType,UnityEngine,ParticleSystemMeshShapeType,True,True
UnityEngine.ParticleSystemNoiseQuality,UnityEngine,ParticleSystemNoiseQuality,True,True
UnityEngine.ParticleSystemOverlapAction,UnityEngine,ParticleSystemOverlapAction,True,True
UnityEngine.ParticleSystemRenderer,UnityEngine,ParticleSystemRenderer,True,True
UnityEngine.ParticleSystemRenderMode,UnityEngine,ParticleSystemRenderMode,True,True
UnityEngine.ParticleSystemRenderSpace,UnityEngine,ParticleSystemRenderSpace,True,True
UnityEngine.ParticleSystemRingBufferMode,UnityEngine,ParticleSystemRingBufferMode,True,True
UnityEngine.ParticleSystemScalingMode,UnityEngine,ParticleSystemScalingMode,True,True
UnityEngine.ParticleSystemShapeMultiModeValue,UnityEngine,ParticleSystemShapeMultiModeValue,True,True
UnityEngine.ParticleSystemShapeTextureChannel,UnityEngine,ParticleSystemShapeTextureChannel,True,True
UnityEngine.ParticleSystemShapeType,UnityEngine,ParticleSystemShapeType,True,True
UnityEngine.ParticleSystemSimulationSpace,UnityEngine,ParticleSystemSimulationSpace,True,True
UnityEngine.ParticleSystemSortMode,UnityEngine,ParticleSystemSortMode,True,True
UnityEngine.ParticleSystemStopAction,UnityEngine,ParticleSystemStopAction,True,True
UnityEngine.ParticleSystemStopBehavior,UnityEngine,ParticleSystemStopBehavior,True,True
UnityEngine.ParticleSystemSubEmitterProperties,UnityEngine,ParticleSystemSubEmitterProperties,True,True
UnityEngine.ParticleSystemSubEmitterType,UnityEngine,ParticleSystemSubEmitterType,True,True
UnityEngine.ParticleSystemTrailMode,UnityEngine,ParticleSystemTrailMode,True,True
UnityEngine.ParticleSystemTrailTextureMode,UnityEngine,ParticleSystemTrailTextureMode,True,True
UnityEngine.ParticleSystemTriggerEventType,UnityEngine,ParticleSystemTriggerEventType,True,True
UnityEngine.ParticleSystemVertexStream,UnityEngine,ParticleSystemVertexStream,True,True
UnityEngine.PatchExtents,UnityEngine,PatchExtents,True,True
UnityEngine.PhysicMaterial,UnityEngine,PhysicMaterial,True,True
UnityEngine.PhysicMaterialCombine,UnityEngine,PhysicMaterialCombine,True,True
UnityEngine.Physics,UnityEngine,Physics,True,True
UnityEngine.Physics2D,UnityEngine,Physics2D,True,True
UnityEngine.PhysicsJobOptions2D,UnityEngine,PhysicsJobOptions2D,True,True
UnityEngine.PhysicsMaterial2D,UnityEngine,PhysicsMaterial2D,True,True
UnityEngine.PhysicsScene,UnityEngine,PhysicsScene,True,True
UnityEngine.PhysicsScene2D,UnityEngine,PhysicsScene2D,True,True
UnityEngine.PhysicsSceneExtensions,UnityEngine,PhysicsSceneExtensions,True,True
UnityEngine.PhysicsSceneExtensions2D,UnityEngine,PhysicsSceneExtensions2D,True,True
UnityEngine.PhysicsUpdateBehaviour2D,UnityEngine,PhysicsUpdateBehaviour2D,True,True
UnityEngine.Ping,UnityEngine,Ping,True,True
UnityEngine.Plane,UnityEngine,Plane,True,True
UnityEngine.PlatformEffector2D,UnityEngine,PlatformEffector2D,True,True
UnityEngine.Playables.AnimationPlayableUtilities,UnityEngine.Playables,AnimationPlayableUtilities,True,True
UnityEngine.Playables.DirectorUpdateMode,UnityEngine.Playables,DirectorUpdateMode,True,True
UnityEngine.Playables.DirectorWrapMode,UnityEngine.Playables,DirectorWrapMode,True,True
UnityEngine.Playables.FrameData,UnityEngine.Playables,FrameData,True,True
UnityEngine.Playables.Notification,UnityEngine.Playables,Notification,True,True
UnityEngine.Playables.Playable,UnityEngine.Playables,Playable,True,True
UnityEngine.Playables.PlayableAsset,UnityEngine.Playables,PlayableAsset,True,True
UnityEngine.Playables.PlayableBehaviour,UnityEngine.Playables,PlayableBehaviour,True,True
UnityEngine.Playables.PlayableBinding,UnityEngine.Playables,PlayableBinding,True,True
UnityEngine.Playables.PlayableDirector,UnityEngine.Playables,PlayableDirector,True,True
UnityEngine.Playables.PlayableExtensions,UnityEngine.Playables,PlayableExtensions,False,False
UnityEngine.Playables.PlayableGraph,UnityEngine.Playables,PlayableGraph,True,True
UnityEngine.Playables.PlayableHandle,UnityEngine.Playables,PlayableHandle,True,True
UnityEngine.Playables.PlayableOutput,UnityEngine.Playables,PlayableOutput,True,True
UnityEngine.Playables.PlayableOutputExtensions,UnityEngine.Playables,PlayableOutputExtensions,True,True
UnityEngine.Playables.PlayableOutputHandle,UnityEngine.Playables,PlayableOutputHandle,True,True
UnityEngine.Playables.PlayableTraversalMode,UnityEngine.Playables,PlayableTraversalMode,True,True
UnityEngine.Playables.PlayState,UnityEngine.Playables,PlayState,True,True
UnityEngine.Playables.ScriptPlayableBinding,UnityEngine.Playables,ScriptPlayableBinding,True,True
UnityEngine.Playables.ScriptPlayableOutput,UnityEngine.Playables,ScriptPlayableOutput,True,True
UnityEngine.PlayerLoop.EarlyUpdate,UnityEngine.PlayerLoop,EarlyUpdate,True,True
UnityEngine.PlayerLoop.FixedUpdate,UnityEngine.PlayerLoop,FixedUpdate,True,True
UnityEngine.PlayerLoop.Initialization,UnityEngine.PlayerLoop,Initialization,True,True
UnityEngine.PlayerLoop.PostLateUpdate,UnityEngine.PlayerLoop,PostLateUpdate,True,True
UnityEngine.PlayerLoop.PreLateUpdate,UnityEngine.PlayerLoop,PreLateUpdate,True,True
UnityEngine.PlayerLoop.PreUpdate,UnityEngine.PlayerLoop,PreUpdate,True,True
UnityEngine.PlayerLoop.Update,UnityEngine.PlayerLoop,Update,True,True
UnityEngine.PlayerPrefs,UnityEngine,PlayerPrefs,True,True
UnityEngine.PlayerPrefsException,UnityEngine,PlayerPrefsException,True,True
UnityEngine.PlayMode,UnityEngine,PlayMode,True,True
UnityEngine.PointEffector2D,UnityEngine,PointEffector2D,True,True
UnityEngine.PointerType,UnityEngine,PointerType,True,True
UnityEngine.PolygonCollider2D,UnityEngine,PolygonCollider2D,True,True
UnityEngine.Pose,UnityEngine,Pose,True,True
UnityEngine.PreferBinarySerialization,UnityEngine,PreferBinarySerialization,True,True
UnityEngine.PrimitiveType,UnityEngine,PrimitiveType,True,True
UnityEngine.Profiling.CustomSampler,UnityEngine.Profiling,CustomSampler,True,True
UnityEngine.Profiling.Profiler,UnityEngine.Profiling,Profiler,True,True
UnityEngine.Profiling.ProfilerArea,UnityEngine.Profiling,ProfilerArea,True,True
UnityEngine.Profiling.Recorder,UnityEngine.Profiling,Recorder,True,True
UnityEngine.Profiling.Sampler,UnityEngine.Profiling,Sampler,True,True
UnityEngine.Projector,UnityEngine,Projector,True,True
UnityEngine.PropertyAttribute,UnityEngine,PropertyAttribute,True,True
UnityEngine.PropertyName,UnityEngine,PropertyName,True,True
UnityEngine.QualitySettings,UnityEngine,QualitySettings,True,True
UnityEngine.Quaternion,UnityEngine,Quaternion,True,True
UnityEngine.QueryTriggerInteraction,UnityEngine,QueryTriggerInteraction,True,True
UnityEngine.QueueMode,UnityEngine,QueueMode,True,True
UnityEngine.Random,UnityEngine,Random,True,True
UnityEngine.RangeAttribute,UnityEngine,RangeAttribute,True,True
UnityEngine.RangeInt,UnityEngine,RangeInt,True,True
UnityEngine.Ray,UnityEngine,Ray,True,True
UnityEngine.Ray2D,UnityEngine,Ray2D,True,True
UnityEngine.RaycastCommand,UnityEngine,RaycastCommand,True,True
UnityEngine.RaycastHit,UnityEngine,RaycastHit,True,True
UnityEngine.RaycastHit2D,UnityEngine,RaycastHit2D,True,True
UnityEngine.ReceiveGI,UnityEngine,ReceiveGI,True,True
UnityEngine.Rect,UnityEngine,Rect,True,True
UnityEngine.RectInt,UnityEngine,RectInt,True,True
UnityEngine.RectOffset,UnityEngine,RectOffset,True,True
UnityEngine.RectTransform,UnityEngine,RectTransform,True,True
UnityEngine.RectTransformUtility,UnityEngine,RectTransformUtility,True,True
UnityEngine.ReflectionProbe,UnityEngine,ReflectionProbe,True,True
UnityEngine.RelativeJoint2D,UnityEngine,RelativeJoint2D,True,True
UnityEngine.RemoteConfigSettings,UnityEngine,RemoteConfigSettings,True,True
UnityEngine.RemoteSettings,UnityEngine,RemoteSettings,True,True
UnityEngine.RenderBuffer,UnityEngine,RenderBuffer,True,True
UnityEngine.Renderer,UnityEngine,Renderer,True,True
UnityEngine.RendererExtensions,UnityEngine,RendererExtensions,True,True
UnityEngine.Rendering.AmbientMode,UnityEngine.Rendering,AmbientMode,True,True
UnityEngine.Rendering.AsyncGPUReadback,UnityEngine.Rendering,AsyncGPUReadback,True,True
UnityEngine.Rendering.AsyncGPUReadbackRequest,UnityEngine.Rendering,AsyncGPUReadbackRequest,True,True
UnityEngine.Rendering.AttachmentDescriptor,UnityEngine.Rendering,AttachmentDescriptor,True,True
UnityEngine.Rendering.BatchCullingContext,UnityEngine.Rendering,BatchCullingContext,True,True
UnityEngine.Rendering.BatchRendererGroup,UnityEngine.Rendering,BatchRendererGroup,True,True
UnityEngine.Rendering.BatchVisibility,UnityEngine.Rendering,BatchVisibility,True,True
UnityEngine.Rendering.BlendMode,UnityEngine.Rendering,BlendMode,True,True
UnityEngine.Rendering.BlendOp,UnityEngine.Rendering,BlendOp,True,True
UnityEngine.Rendering.BlendState,UnityEngine.Rendering,BlendState,True,True
UnityEngine.Rendering.BuiltinRenderTextureType,UnityEngine.Rendering,BuiltinRenderTextureType,True,True
UnityEngine.Rendering.BuiltinShaderDefine,UnityEngine.Rendering,BuiltinShaderDefine,True,True
UnityEngine.Rendering.BuiltinShaderMode,UnityEngine.Rendering,BuiltinShaderMode,True,True
UnityEngine.Rendering.BuiltinShaderType,UnityEngine.Rendering,BuiltinShaderType,True,True
UnityEngine.Rendering.CameraEvent,UnityEngine.Rendering,CameraEvent,True,True
UnityEngine.Rendering.CameraHDRMode,UnityEngine.Rendering,CameraHDRMode,True,True
UnityEngine.Rendering.CameraProperties,UnityEngine.Rendering,CameraProperties,True,True
UnityEngine.Rendering.ColorWriteMask,UnityEngine.Rendering,ColorWriteMask,True,True
UnityEngine.Rendering.CommandBuffer,UnityEngine.Rendering,CommandBuffer,True,True
UnityEngine.Rendering.CommandBufferExecutionFlags,UnityEngine.Rendering,CommandBufferExecutionFlags,True,True
UnityEngine.Rendering.CompareFunction,UnityEngine.Rendering,CompareFunction,True,True
UnityEngine.Rendering.ComputeQueueType,UnityEngine.Rendering,ComputeQueueType,True,True
UnityEngine.Rendering.CopyTextureSupport,UnityEngine.Rendering,CopyTextureSupport,True,True
UnityEngine.Rendering.CullingOptions,UnityEngine.Rendering,CullingOptions,True,True
UnityEngine.Rendering.CullingResults,UnityEngine.Rendering,CullingResults,True,True
UnityEngine.Rendering.CullMode,UnityEngine.Rendering,CullMode,True,True
UnityEngine.Rendering.DefaultReflectionMode,UnityEngine.Rendering,DefaultReflectionMode,True,True
UnityEngine.Rendering.DepthState,UnityEngine.Rendering,DepthState,True,True
UnityEngine.Rendering.DistanceMetric,UnityEngine.Rendering,DistanceMetric,True,True
UnityEngine.Rendering.DrawingSettings,UnityEngine.Rendering,DrawingSettings,True,True
UnityEngine.Rendering.FilteringSettings,UnityEngine.Rendering,FilteringSettings,True,True
UnityEngine.Rendering.FormatSwizzle,UnityEngine.Rendering,FormatSwizzle,True,True
UnityEngine.Rendering.GizmoSubset,UnityEngine.Rendering,GizmoSubset,True,True
UnityEngine.Rendering.GraphicsDeviceType,UnityEngine.Rendering,GraphicsDeviceType,True,True
UnityEngine.Rendering.GraphicsFence,UnityEngine.Rendering,GraphicsFence,True,True
UnityEngine.Rendering.GraphicsFenceType,UnityEngine.Rendering,GraphicsFenceType,True,True
UnityEngine.Rendering.GraphicsSettings,UnityEngine.Rendering,GraphicsSettings,True,True
UnityEngine.Rendering.GraphicsTier,UnityEngine.Rendering,GraphicsTier,True,True
UnityEngine.Rendering.IndexFormat,UnityEngine.Rendering,IndexFormat,True,True
UnityEngine.Rendering.LightEvent,UnityEngine.Rendering,LightEvent,True,True
UnityEngine.Rendering.LightProbeUsage,UnityEngine.Rendering,LightProbeUsage,True,True
UnityEngine.Rendering.LightShadowResolution,UnityEngine.Rendering,LightShadowResolution,True,True
UnityEngine.Rendering.LODParameters,UnityEngine.Rendering,LODParameters,True,True
UnityEngine.Rendering.MeshUpdateFlags,UnityEngine.Rendering,MeshUpdateFlags,True,True
UnityEngine.Rendering.OnDemandRendering,UnityEngine.Rendering,OnDemandRendering,True,True
UnityEngine.Rendering.OpaqueSortMode,UnityEngine.Rendering,OpaqueSortMode,True,True
UnityEngine.Rendering.PassType,UnityEngine.Rendering,PassType,True,True
UnityEngine.Rendering.PerObjectData,UnityEngine.Rendering,PerObjectData,True,True
UnityEngine.Rendering.PlatformKeywordSet,UnityEngine.Rendering,PlatformKeywordSet,True,True
UnityEngine.Rendering.RasterState,UnityEngine.Rendering,RasterState,True,True
UnityEngine.Rendering.RealtimeGICPUUsage,UnityEngine.Rendering,RealtimeGICPUUsage,True,True
UnityEngine.Rendering.ReflectionCubemapCompression,UnityEngine.Rendering,ReflectionCubemapCompression,True,True
UnityEngine.Rendering.ReflectionProbeBlendInfo,UnityEngine.Rendering,ReflectionProbeBlendInfo,True,True
UnityEngine.Rendering.ReflectionProbeClearFlags,UnityEngine.Rendering,ReflectionProbeClearFlags,True,True
UnityEngine.Rendering.ReflectionProbeMode,UnityEngine.Rendering,ReflectionProbeMode,True,True
UnityEngine.Rendering.ReflectionProbeRefreshMode,UnityEngine.Rendering,ReflectionProbeRefreshMode,True,True
UnityEngine.Rendering.ReflectionProbeSortingCriteria,UnityEngine.Rendering,ReflectionProbeSortingCriteria,True,True
UnityEngine.Rendering.ReflectionProbeTimeSlicingMode,UnityEngine.Rendering,ReflectionProbeTimeSlicingMode,True,True
UnityEngine.Rendering.ReflectionProbeType,UnityEngine.Rendering,ReflectionProbeType,True,True
UnityEngine.Rendering.ReflectionProbeUsage,UnityEngine.Rendering,ReflectionProbeUsage,True,True
UnityEngine.Rendering.RenderBufferLoadAction,UnityEngine.Rendering,RenderBufferLoadAction,True,True
UnityEngine.Rendering.RenderBufferStoreAction,UnityEngine.Rendering,RenderBufferStoreAction,True,True
UnityEngine.Rendering.RenderingThreadingMode,UnityEngine.Rendering,RenderingThreadingMode,True,True
UnityEngine.Rendering.RenderPipeline,UnityEngine.Rendering,RenderPipeline,True,True
UnityEngine.Rendering.RenderPipelineAsset,UnityEngine.Rendering,RenderPipelineAsset,True,True
UnityEngine.Rendering.RenderPipelineManager,UnityEngine.Rendering,RenderPipelineManager,True,True
UnityEngine.Rendering.RenderQueue,UnityEngine.Rendering,RenderQueue,True,True
UnityEngine.Rendering.RenderQueueRange,UnityEngine.Rendering,RenderQueueRange,True,True
UnityEngine.Rendering.RenderStateBlock,UnityEngine.Rendering,RenderStateBlock,True,True
UnityEngine.Rendering.RenderStateMask,UnityEngine.Rendering,RenderStateMask,True,True
UnityEngine.Rendering.RenderTargetBinding,UnityEngine.Rendering,RenderTargetBinding,True,True
UnityEngine.Rendering.RenderTargetBlendState,UnityEngine.Rendering,RenderTargetBlendState,True,True
UnityEngine.Rendering.RenderTargetIdentifier,UnityEngine.Rendering,RenderTargetIdentifier,True,True
UnityEngine.Rendering.RenderTextureSubElement,UnityEngine.Rendering,RenderTextureSubElement,True,True
UnityEngine.Rendering.ScopedRenderPass,UnityEngine.Rendering,ScopedRenderPass,True,True
UnityEngine.Rendering.ScopedSubPass,UnityEngine.Rendering,ScopedSubPass,True,True
UnityEngine.Rendering.ScriptableCullingParameters,UnityEngine.Rendering,ScriptableCullingParameters,True,True
UnityEngine.Rendering.ScriptableRenderContext,UnityEngine.Rendering,ScriptableRenderContext,True,True
UnityEngine.Rendering.ShaderKeyword,UnityEngine.Rendering,ShaderKeyword,True,True
UnityEngine.Rendering.ShaderKeywordSet,UnityEngine.Rendering,ShaderKeywordSet,True,True
UnityEngine.Rendering.ShaderKeywordType,UnityEngine.Rendering,ShaderKeywordType,True,True
UnityEngine.Rendering.ShaderPropertyFlags,UnityEngine.Rendering,ShaderPropertyFlags,True,True
UnityEngine.Rendering.ShaderPropertyType,UnityEngine.Rendering,ShaderPropertyType,True,True
UnityEngine.Rendering.ShaderTagId,UnityEngine.Rendering,ShaderTagId,True,True
UnityEngine.Rendering.ShadowCastingMode,UnityEngine.Rendering,ShadowCastingMode,True,True
UnityEngine.Rendering.ShadowDrawingSettings,UnityEngine.Rendering,ShadowDrawingSettings,True,True
UnityEngine.Rendering.ShadowMapPass,UnityEngine.Rendering,ShadowMapPass,True,True
UnityEngine.Rendering.ShadowSamplingMode,UnityEngine.Rendering,ShadowSamplingMode,True,True
UnityEngine.Rendering.ShadowSplitData,UnityEngine.Rendering,ShadowSplitData,True,True
UnityEngine.Rendering.SinglePassStereoMode,UnityEngine.Rendering,SinglePassStereoMode,True,True
UnityEngine.Rendering.SortingCriteria,UnityEngine.Rendering,SortingCriteria,True,True
UnityEngine.Rendering.SortingGroup,UnityEngine.Rendering,SortingGroup,True,True
UnityEngine.Rendering.SortingLayerRange,UnityEngine.Rendering,SortingLayerRange,True,True
UnityEngine.Rendering.SortingSettings,UnityEngine.Rendering,SortingSettings,True,True
UnityEngine.Rendering.SphericalHarmonicsL2,UnityEngine.Rendering,SphericalHarmonicsL2,True,True
UnityEngine.Rendering.SplashScreen,UnityEngine.Rendering,SplashScreen,True,True
UnityEngine.Rendering.StencilOp,UnityEngine.Rendering,StencilOp,True,True
UnityEngine.Rendering.StencilState,UnityEngine.Rendering,StencilState,True,True
UnityEngine.Rendering.SubMeshDescriptor,UnityEngine.Rendering,SubMeshDescriptor,True,True
UnityEngine.Rendering.SupportedRenderingFeatures,UnityEngine.Rendering,SupportedRenderingFeatures,True,True
UnityEngine.Rendering.SynchronisationStage,UnityEngine.Rendering,SynchronisationStage,True,True
UnityEngine.Rendering.SynchronisationStageFlags,UnityEngine.Rendering,SynchronisationStageFlags,True,True
UnityEngine.Rendering.TextureDimension,UnityEngine.Rendering,TextureDimension,True,True
UnityEngine.Rendering.UVChannelFlags,UnityEngine.Rendering,UVChannelFlags,True,True
UnityEngine.Rendering.VertexAttribute,UnityEngine.Rendering,VertexAttribute,True,True
UnityEngine.Rendering.VertexAttributeDescriptor,UnityEngine.Rendering,VertexAttributeDescriptor,True,True
UnityEngine.Rendering.VertexAttributeFormat,UnityEngine.Rendering,VertexAttributeFormat,True,True
UnityEngine.Rendering.VisibleLight,UnityEngine.Rendering,VisibleLight,True,True
UnityEngine.Rendering.VisibleReflectionProbe,UnityEngine.Rendering,VisibleReflectionProbe,True,True
UnityEngine.RenderingPath,UnityEngine,RenderingPath,True,True
UnityEngine.RenderMode,UnityEngine,RenderMode,True,True
UnityEngine.RenderSettings,UnityEngine,RenderSettings,True,True
UnityEngine.RenderTargetSetup,UnityEngine,RenderTargetSetup,True,True
UnityEngine.RenderTexture,UnityEngine,RenderTexture,True,True
UnityEngine.RenderTextureCreationFlags,UnityEngine,RenderTextureCreationFlags,True,True
UnityEngine.RenderTextureDescriptor,UnityEngine,RenderTextureDescriptor,True,True
UnityEngine.RenderTextureFormat,UnityEngine,RenderTextureFormat,True,True
UnityEngine.RenderTextureMemoryless,UnityEngine,RenderTextureMemoryless,True,True
UnityEngine.RenderTextureReadWrite,UnityEngine,RenderTextureReadWrite,True,True
UnityEngine.RequireComponent,UnityEngine,RequireComponent,True,True
UnityEngine.Resolution,UnityEngine,Resolution,True,True
UnityEngine.ResourceRequest,UnityEngine,ResourceRequest,True,True
UnityEngine.Resources,UnityEngine,Resources,True,True
UnityEngine.Rigidbody,UnityEngine,Rigidbody,True,True
UnityEngine.Rigidbody2D,UnityEngine,Rigidbody2D,True,True
UnityEngine.RigidbodyConstraints,UnityEngine,RigidbodyConstraints,True,True
UnityEngine.RigidbodyConstraints2D,UnityEngine,RigidbodyConstraints2D,True,True
UnityEngine.RigidbodyInterpolation,UnityEngine,RigidbodyInterpolation,True,True
UnityEngine.RigidbodyInterpolation2D,UnityEngine,RigidbodyInterpolation2D,True,True
UnityEngine.RigidbodySleepMode2D,UnityEngine,RigidbodySleepMode2D,True,True
UnityEngine.RigidbodyType2D,UnityEngine,RigidbodyType2D,True,True
UnityEngine.RotationDriveMode,UnityEngine,RotationDriveMode,True,True
UnityEngine.RuntimeAnimatorController,UnityEngine,RuntimeAnimatorController,True,True
UnityEngine.RuntimeInitializeLoadType,UnityEngine,RuntimeInitializeLoadType,True,True
UnityEngine.RuntimeInitializeOnLoadMethodAttribute,UnityEngine,RuntimeInitializeOnLoadMethodAttribute,True,True
UnityEngine.RuntimePlatform,UnityEngine,RuntimePlatform,True,True
UnityEngine.ScalableBufferManager,UnityEngine,ScalableBufferManager,True,True
UnityEngine.ScaleMode,UnityEngine,ScaleMode,True,True
UnityEngine.SceneManagement.CreateSceneParameters,UnityEngine.SceneManagement,CreateSceneParameters,True,True
UnityEngine.SceneManagement.LoadSceneMode,UnityEngine.SceneManagement,LoadSceneMode,True,True
UnityEngine.SceneManagement.LoadSceneParameters,UnityEngine.SceneManagement,LoadSceneParameters,True,True
UnityEngine.SceneManagement.LocalPhysicsMode,UnityEngine.SceneManagement,LocalPhysicsMode,True,True
UnityEngine.SceneManagement.Scene,UnityEngine.SceneManagement,Scene,True,True
UnityEngine.SceneManagement.SceneManager,UnityEngine.SceneManagement,SceneManager,True,True
UnityEngine.SceneManagement.SceneUtility,UnityEngine.SceneManagement,SceneUtility,True,True
UnityEngine.SceneManagement.UnloadSceneOptions,UnityEngine.SceneManagement,UnloadSceneOptions,True,True
UnityEngine.Screen,UnityEngine,Screen,True,True
UnityEngine.ScreenCapture,UnityEngine,ScreenCapture,True,True
UnityEngine.ScreenOrientation,UnityEngine,ScreenOrientation,True,True
UnityEngine.ScriptableObject,UnityEngine,ScriptableObject,True,True
UnityEngine.SecondarySpriteTexture,UnityEngine,SecondarySpriteTexture,True,True
UnityEngine.Security,UnityEngine,Security,True,True
UnityEngine.SelectionBaseAttribute,UnityEngine,SelectionBaseAttribute,True,True
UnityEngine.SendMessageOptions,UnityEngine,SendMessageOptions,True,True
UnityEngine.SerializeField,UnityEngine,SerializeField,True,True
UnityEngine.SerializeReference,UnityEngine,SerializeReference,True,True
UnityEngine.Shader,UnityEngine,Shader,True,True
UnityEngine.ShaderVariantCollection,UnityEngine,ShaderVariantCollection,True,True
UnityEngine.ShadowmaskMode,UnityEngine,ShadowmaskMode,True,True
UnityEngine.ShadowProjection,UnityEngine,ShadowProjection,True,True
UnityEngine.ShadowQuality,UnityEngine,ShadowQuality,True,True
UnityEngine.ShadowResolution,UnityEngine,ShadowResolution,True,True
UnityEngine.SharedBetweenAnimatorsAttribute,UnityEngine,SharedBetweenAnimatorsAttribute,True,True
UnityEngine.SkeletonBone,UnityEngine,SkeletonBone,True,True
UnityEngine.SkinnedMeshRenderer,UnityEngine,SkinnedMeshRenderer,True,True
UnityEngine.SkinQuality,UnityEngine,SkinQuality,True,True
UnityEngine.SkinWeights,UnityEngine,SkinWeights,True,True
UnityEngine.Skybox,UnityEngine,Skybox,True,True
UnityEngine.SleepTimeout,UnityEngine,SleepTimeout,True,True
UnityEngine.SliderJoint2D,UnityEngine,SliderJoint2D,True,True
UnityEngine.SnapAxis,UnityEngine,SnapAxis,True,True
UnityEngine.Snapping,UnityEngine,Snapping,True,True
UnityEngine.Social,UnityEngine,Social,True,True
UnityEngine.SoftJointLimit,UnityEngine,SoftJointLimit,True,True
UnityEngine.SoftJointLimitSpring,UnityEngine,SoftJointLimitSpring,True,True
UnityEngine.SortingLayer,UnityEngine,SortingLayer,True,True
UnityEngine.Space,UnityEngine,Space,True,True
UnityEngine.SpaceAttribute,UnityEngine,SpaceAttribute,True,True
UnityEngine.SparseTexture,UnityEngine,SparseTexture,True,True
UnityEngine.SpherecastCommand,UnityEngine,SpherecastCommand,True,True
UnityEngine.SphereCollider,UnityEngine,SphereCollider,True,True
UnityEngine.SplatPrototype,UnityEngine,SplatPrototype,True,True
UnityEngine.SpringJoint,UnityEngine,SpringJoint,True,True
UnityEngine.SpringJoint2D,UnityEngine,SpringJoint2D,True,True
UnityEngine.Sprite,UnityEngine,Sprite,True,True
UnityEngine.SpriteAlignment,UnityEngine,SpriteAlignment,True,True
UnityEngine.SpriteDrawMode,UnityEngine,SpriteDrawMode,True,True
UnityEngine.SpriteMask,UnityEngine,SpriteMask,True,True
UnityEngine.SpriteMaskInteraction,UnityEngine,SpriteMaskInteraction,True,True
UnityEngine.SpriteMeshType,UnityEngine,SpriteMeshType,True,True
UnityEngine.SpritePackingMode,UnityEngine,SpritePackingMode,True,True
UnityEngine.SpritePackingRotation,UnityEngine,SpritePackingRotation,True,True
UnityEngine.SpriteRenderer,UnityEngine,SpriteRenderer,True,True
UnityEngine.Sprites.DataUtility,UnityEngine.Sprites,DataUtility,True,True
UnityEngine.SpriteSortPoint,UnityEngine,SpriteSortPoint,True,True
UnityEngine.SpriteTileMode,UnityEngine,SpriteTileMode,True,True
UnityEngine.StackTraceLogType,UnityEngine,StackTraceLogType,True,True
UnityEngine.StackTraceUtility,UnityEngine,StackTraceUtility,True,True
UnityEngine.StateMachineBehaviour,UnityEngine,StateMachineBehaviour,True,True
UnityEngine.StaticBatchingUtility,UnityEngine,StaticBatchingUtility,True,True
UnityEngine.StereoTargetEyeMask,UnityEngine,StereoTargetEyeMask,True,True
UnityEngine.StreamingController,UnityEngine,StreamingController,True,True
UnityEngine.Subsystem,UnityEngine,Subsystem,True,True
UnityEngine.SubsystemDescriptor,UnityEngine,SubsystemDescriptor,True,True
UnityEngine.SubsystemManager,UnityEngine,SubsystemManager,True,True
UnityEngine.Subsystems.ExampleSubsystem,UnityEngine.Subsystems,ExampleSubsystem,True,True
UnityEngine.Subsystems.ExampleSubsystemDescriptor,UnityEngine.Subsystems,ExampleSubsystemDescriptor,True,True
UnityEngine.SurfaceEffector2D,UnityEngine,SurfaceEffector2D,True,True
UnityEngine.SystemInfo,UnityEngine,SystemInfo,True,True
UnityEngine.SystemLanguage,UnityEngine,SystemLanguage,True,True
UnityEngine.TargetJoint2D,UnityEngine,TargetJoint2D,True,True
UnityEngine.Terrain,UnityEngine,Terrain,True,True
UnityEngine.TerrainChangedFlags,UnityEngine,TerrainChangedFlags,True,True
UnityEngine.TerrainCollider,UnityEngine,TerrainCollider,True,True
UnityEngine.TerrainData,UnityEngine,TerrainData,True,True
UnityEngine.TerrainExtensions,UnityEngine,TerrainExtensions,True,True
UnityEngine.TerrainHeightmapSyncControl,UnityEngine,TerrainHeightmapSyncControl,True,True
UnityEngine.TerrainLayer,UnityEngine,TerrainLayer,True,True
UnityEngine.TerrainRenderFlags,UnityEngine,TerrainRenderFlags,True,True
UnityEngine.TestTools.Coverage,UnityEngine.TestTools,Coverage,True,True
UnityEngine.TestTools.CoveredMethodStats,UnityEngine.TestTools,CoveredMethodStats,True,True
UnityEngine.TestTools.CoveredSequencePoint,UnityEngine.TestTools,CoveredSequencePoint,True,True
UnityEngine.TestTools.ExcludeFromCoverageAttribute,UnityEngine.TestTools,ExcludeFromCoverageAttribute,True,True
UnityEngine.TexGenMode,UnityEngine,TexGenMode,True,True
UnityEngine.TextAlignment,UnityEngine,TextAlignment,True,True
UnityEngine.TextAnchor,UnityEngine,TextAnchor,True,True
UnityEngine.TextAreaAttribute,UnityEngine,TextAreaAttribute,True,True
UnityEngine.TextAsset,UnityEngine,TextAsset,True,True
UnityEngine.TextClipping,UnityEngine,TextClipping,True,True
UnityEngine.TextCore.FaceInfo,UnityEngine.TextCore,FaceInfo,True,True
UnityEngine.TextCore.Glyph,UnityEngine.TextCore,Glyph,True,True
UnityEngine.TextCore.GlyphMetrics,UnityEngine.TextCore,GlyphMetrics,True,True
UnityEngine.TextCore.GlyphRect,UnityEngine.TextCore,GlyphRect,True,True
UnityEngine.TextCore.LowLevel.FontEngine,UnityEngine.TextCore.LowLevel,FontEngine,True,True
UnityEngine.TextCore.LowLevel.FontEngineError,UnityEngine.TextCore.LowLevel,FontEngineError,True,True
UnityEngine.TextCore.LowLevel.GlyphLoadFlags,UnityEngine.TextCore.LowLevel,GlyphLoadFlags,True,True
UnityEngine.TextCore.LowLevel.GlyphPackingMode,UnityEngine.TextCore.LowLevel,GlyphPackingMode,True,True
UnityEngine.TextCore.LowLevel.GlyphRenderMode,UnityEngine.TextCore.LowLevel,GlyphRenderMode,True,True
UnityEngine.TextEditor,UnityEngine,TextEditor,True,True
UnityEngine.TextGenerationSettings,UnityEngine,TextGenerationSettings,True,True
UnityEngine.TextGenerator,UnityEngine,TextGenerator,True,True
UnityEngine.TextMesh,UnityEngine,TextMesh,True,True
UnityEngine.Texture,UnityEngine,Texture,True,True
UnityEngine.Texture2D,UnityEngine,Texture2D,True,True
UnityEngine.Texture2DArray,UnityEngine,Texture2DArray,True,True
UnityEngine.Texture3D,UnityEngine,Texture3D,True,True
UnityEngine.TextureFormat,UnityEngine,TextureFormat,True,True
UnityEngine.TextureWrapMode,UnityEngine,TextureWrapMode,True,True
UnityEngine.ThreadPriority,UnityEngine,ThreadPriority,True,True
UnityEngine.Tilemaps.ITilemap,UnityEngine.Tilemaps,ITilemap,True,True
UnityEngine.Tilemaps.Tile,UnityEngine.Tilemaps,Tile,True,True
UnityEngine.Tilemaps.TileAnimationData,UnityEngine.Tilemaps,TileAnimationData,True,True
UnityEngine.Tilemaps.TileBase,UnityEngine.Tilemaps,TileBase,True,True
UnityEngine.Tilemaps.TileData,UnityEngine.Tilemaps,TileData,True,True
UnityEngine.Tilemaps.TileFlags,UnityEngine.Tilemaps,TileFlags,True,True
UnityEngine.Tilemaps.Tilemap,UnityEngine.Tilemaps,Tilemap,True,True
UnityEngine.Tilemaps.TilemapCollider2D,UnityEngine.Tilemaps,TilemapCollider2D,True,True
UnityEngine.Tilemaps.TilemapRenderer,UnityEngine.Tilemaps,TilemapRenderer,True,True
UnityEngine.Time,UnityEngine,Time,True,True
UnityEngine.Timeline.ActivationControlPlayable,UnityEngine.Timeline,ActivationControlPlayable,True,True
UnityEngine.Timeline.ActivationTrack,UnityEngine.Timeline,ActivationTrack,True,True
UnityEngine.Timeline.AnimationPlayableAsset,UnityEngine.Timeline,AnimationPlayableAsset,True,True
UnityEngine.Timeline.AnimationTrack,UnityEngine.Timeline,AnimationTrack,True,True
UnityEngine.Timeline.AudioPlayableAsset,UnityEngine.Timeline,AudioPlayableAsset,True,True
UnityEngine.Timeline.AudioTrack,UnityEngine.Timeline,AudioTrack,True,True
UnityEngine.Timeline.ClipCaps,UnityEngine.Timeline,ClipCaps,True,True
UnityEngine.Timeline.ControlPlayableAsset,UnityEngine.Timeline,ControlPlayableAsset,True,True
UnityEngine.Timeline.ControlTrack,UnityEngine.Timeline,ControlTrack,True,True
UnityEngine.Timeline.CustomStyleAttribute,UnityEngine.Timeline,CustomStyleAttribute,True,True
UnityEngine.Timeline.DirectorControlPlayable,UnityEngine.Timeline,DirectorControlPlayable,True,True
UnityEngine.Timeline.GroupTrack,UnityEngine.Timeline,GroupTrack,True,True
UnityEngine.Timeline.HideInMenuAttribute,UnityEngine.Timeline,HideInMenuAttribute,True,True
UnityEngine.Timeline.Marker,UnityEngine.Timeline,Marker,True,True
UnityEngine.Timeline.MarkerTrack,UnityEngine.Timeline,MarkerTrack,True,True
UnityEngine.Timeline.MatchTargetFields,UnityEngine.Timeline,MatchTargetFields,True,True
UnityEngine.Timeline.NotificationFlags,UnityEngine.Timeline,NotificationFlags,True,True
UnityEngine.Timeline.NotKeyableAttribute,UnityEngine.Timeline,NotKeyableAttribute,True,True
UnityEngine.Timeline.ParticleControlPlayable,UnityEngine.Timeline,ParticleControlPlayable,True,True
UnityEngine.Timeline.PlayableTrack,UnityEngine.Timeline,PlayableTrack,True,True
UnityEngine.Timeline.PrefabControlPlayable,UnityEngine.Timeline,PrefabControlPlayable,True,True
UnityEngine.Timeline.SignalAsset,UnityEngine.Timeline,SignalAsset,True,True
UnityEngine.Timeline.SignalEmitter,UnityEngine.Timeline,SignalEmitter,True,True
UnityEngine.Timeline.SignalReceiver,UnityEngine.Timeline,SignalReceiver,True,True
UnityEngine.Timeline.SignalTrack,UnityEngine.Timeline,SignalTrack,True,True
UnityEngine.Timeline.TimeControlPlayable,UnityEngine.Timeline,TimeControlPlayable,True,True
UnityEngine.Timeline.TimelineAsset,UnityEngine.Timeline,TimelineAsset,True,True
UnityEngine.Timeline.TimelineClip,UnityEngine.Timeline,TimelineClip,True,True
UnityEngine.Timeline.TimelinePlayable,UnityEngine.Timeline,TimelinePlayable,True,True
UnityEngine.Timeline.TimeNotificationBehaviour,UnityEngine.Timeline,TimeNotificationBehaviour,True,True
UnityEngine.Timeline.TrackAsset,UnityEngine.Timeline,TrackAsset,True,True
UnityEngine.Timeline.TrackAssetExtensions,UnityEngine.Timeline,TrackAssetExtensions,True,True
UnityEngine.Timeline.TrackBindingFlags,UnityEngine.Timeline,TrackBindingFlags,True,True
UnityEngine.Timeline.TrackBindingTypeAttribute,UnityEngine.Timeline,TrackBindingTypeAttribute,True,True
UnityEngine.Timeline.TrackClipTypeAttribute,UnityEngine.Timeline,TrackClipTypeAttribute,True,True
UnityEngine.Timeline.TrackColorAttribute,UnityEngine.Timeline,TrackColorAttribute,True,True
UnityEngine.Timeline.TrackOffset,UnityEngine.Timeline,TrackOffset,True,True
UnityEngine.TooltipAttribute,UnityEngine,TooltipAttribute,True,True
UnityEngine.Touch,UnityEngine,Touch,True,True
UnityEngine.TouchPhase,UnityEngine,TouchPhase,True,True
UnityEngine.TouchScreenKeyboard,UnityEngine,TouchScreenKeyboard,True,True
UnityEngine.TouchScreenKeyboardType,UnityEngine,TouchScreenKeyboardType,True,True
UnityEngine.TouchType,UnityEngine,TouchType,True,True
UnityEngine.TrackedReference,UnityEngine,TrackedReference,True,True
UnityEngine.TrailRenderer,UnityEngine,TrailRenderer,True,True
UnityEngine.Transform,UnityEngine,Transform,True,True
UnityEngine.TransparencySortMode,UnityEngine,TransparencySortMode,True,True
UnityEngine.Tree,UnityEngine,Tree,True,True
UnityEngine.TreeInstance,UnityEngine,TreeInstance,True,True
UnityEngine.TreePrototype,UnityEngine,TreePrototype,True,True
UnityEngine.Types,UnityEngine,Types,True,True
UnityEngine.U2D.AngleRangeInfo,UnityEngine.U2D,AngleRangeInfo,True,True
UnityEngine.U2D.PixelPerfectRendering,UnityEngine.U2D,PixelPerfectRendering,True,True
UnityEngine.U2D.ShapeControlPoint,UnityEngine.U2D,ShapeControlPoint,True,True
UnityEngine.U2D.SpriteAtlas,UnityEngine.U2D,SpriteAtlas,True,True
UnityEngine.U2D.SpriteAtlasManager,UnityEngine.U2D,SpriteAtlasManager,True,True
UnityEngine.U2D.SpriteBone,UnityEngine.U2D,SpriteBone,True,True
UnityEngine.U2D.SpriteDataAccessExtensions,UnityEngine.U2D,SpriteDataAccessExtensions,True,True
UnityEngine.U2D.SpriteRendererDataAccessExtensions,UnityEngine.U2D,SpriteRendererDataAccessExtensions,True,True
UnityEngine.U2D.SpriteShapeMetaData,UnityEngine.U2D,SpriteShapeMetaData,True,True
UnityEngine.U2D.SpriteShapeParameters,UnityEngine.U2D,SpriteShapeParameters,True,True
UnityEngine.U2D.SpriteShapeRenderer,UnityEngine.U2D,SpriteShapeRenderer,True,True
UnityEngine.U2D.SpriteShapeSegment,UnityEngine.U2D,SpriteShapeSegment,True,True
UnityEngine.U2D.SpriteShapeUtility,UnityEngine.U2D,SpriteShapeUtility,True,True
UnityEngine.UI.AnimationTriggers,UnityEngine.UI,AnimationTriggers,True,True
UnityEngine.UI.AspectRatioFitter,UnityEngine.UI,AspectRatioFitter,True,True
UnityEngine.UI.BaseMeshEffect,UnityEngine.UI,BaseMeshEffect,True,True
UnityEngine.UI.Button,UnityEngine.UI,Button,True,True
UnityEngine.UI.CanvasScaler,UnityEngine.UI,CanvasScaler,True,True
UnityEngine.UI.CanvasUpdate,UnityEngine.UI,CanvasUpdate,True,True
UnityEngine.UI.CanvasUpdateRegistry,UnityEngine.UI,CanvasUpdateRegistry,True,True
UnityEngine.UI.ClipperRegistry,UnityEngine.UI,ClipperRegistry,True,True
UnityEngine.UI.Clipping,UnityEngine.UI,Clipping,True,True
UnityEngine.UI.ColorBlock,UnityEngine.UI,ColorBlock,True,True
UnityEngine.UI.ContentSizeFitter,UnityEngine.UI,ContentSizeFitter,True,True
UnityEngine.UI.DefaultControls,UnityEngine.UI,DefaultControls,True,True
UnityEngine.UI.Dropdown,UnityEngine.UI,Dropdown,True,True
UnityEngine.UI.FontData,UnityEngine.UI,FontData,True,True
UnityEngine.UI.FontUpdateTracker,UnityEngine.UI,FontUpdateTracker,True,True
UnityEngine.UI.Graphic,UnityEngine.UI,Graphic,True,True
UnityEngine.UI.GraphicRaycaster,UnityEngine.UI,GraphicRaycaster,True,True
UnityEngine.UI.GraphicRebuildTracker,UnityEngine.UI,GraphicRebuildTracker,True,True
UnityEngine.UI.GraphicRegistry,UnityEngine.UI,GraphicRegistry,True,True
UnityEngine.UI.GridLayoutGroup,UnityEngine.UI,GridLayoutGroup,True,True
UnityEngine.UI.HorizontalLayoutGroup,UnityEngine.UI,HorizontalLayoutGroup,True,True
UnityEngine.UI.HorizontalOrVerticalLayoutGroup,UnityEngine.UI,HorizontalOrVerticalLayoutGroup,True,True
UnityEngine.UI.Image,UnityEngine.UI,Image,True,True
UnityEngine.UI.InputField,UnityEngine.UI,InputField,True,True
UnityEngine.UI.LayoutElement,UnityEngine.UI,LayoutElement,True,True
UnityEngine.UI.LayoutGroup,UnityEngine.UI,LayoutGroup,True,True
UnityEngine.UI.LayoutRebuilder,UnityEngine.UI,LayoutRebuilder,True,True
UnityEngine.UI.LayoutUtility,UnityEngine.UI,LayoutUtility,True,True
UnityEngine.UI.Mask,UnityEngine.UI,Mask,True,True
UnityEngine.UI.MaskableGraphic,UnityEngine.UI,MaskableGraphic,True,True
UnityEngine.UI.MaskUtilities,UnityEngine.UI,MaskUtilities,True,True
UnityEngine.UI.Navigation,UnityEngine.UI,Navigation,True,True
UnityEngine.UI.Outline,UnityEngine.UI,Outline,True,True
UnityEngine.UI.PositionAsUV1,UnityEngine.UI,PositionAsUV1,True,True
UnityEngine.UI.RawImage,UnityEngine.UI,RawImage,True,True
UnityEngine.UI.RectMask2D,UnityEngine.UI,RectMask2D,True,True
UnityEngine.UI.Scrollbar,UnityEngine.UI,Scrollbar,True,True
UnityEngine.UI.ScrollRect,UnityEngine.UI,ScrollRect,True,True
UnityEngine.UI.Selectable,UnityEngine.UI,Selectable,True,True
UnityEngine.UI.Shadow,UnityEngine.UI,Shadow,True,True
UnityEngine.UI.Slider,UnityEngine.UI,Slider,True,True
UnityEngine.UI.SpriteState,UnityEngine.UI,SpriteState,True,True
UnityEngine.UI.StencilMaterial,UnityEngine.UI,StencilMaterial,True,True
UnityEngine.UI.Text,UnityEngine.UI,Text,True,True
UnityEngine.UI.Toggle,UnityEngine.UI,Toggle,True,True
UnityEngine.UI.ToggleGroup,UnityEngine.UI,ToggleGroup,True,True
UnityEngine.UI.VertexHelper,UnityEngine.UI,VertexHelper,True,True
UnityEngine.UI.VerticalLayoutGroup,UnityEngine.UI,VerticalLayoutGroup,True,True
UnityEngine.UICharInfo,UnityEngine,UICharInfo,True,True
UnityEngine.UILineInfo,UnityEngine,UILineInfo,True,True
UnityEngine.UISystemProfilerApi,UnityEngine,UISystemProfilerApi,True,True
UnityEngine.UIVertex,UnityEngine,UIVertex,True,True
UnityEngine.UnassignedReferenceException,UnityEngine,UnassignedReferenceException,True,True
UnityEngine.UnityAPICompatibilityVersionAttribute,UnityEngine,UnityAPICompatibilityVersionAttribute,True,True
UnityEngine.UnityEventQueueSystem,UnityEngine,UnityEventQueueSystem,True,True
UnityEngine.UnityException,UnityEngine,UnityException,True,True
UnityEngine.UserAuthorization,UnityEngine,UserAuthorization,True,True
UnityEngine.Vector2,UnityEngine,Vector2,True,True
UnityEngine.Vector2Int,UnityEngine,Vector2Int,True,True
UnityEngine.Vector3,UnityEngine,Vector3,True,True
UnityEngine.Vector3Int,UnityEngine,Vector3Int,True,True
UnityEngine.Vector4,UnityEngine,Vector4,True,True
UnityEngine.VerticalWrapMode,UnityEngine,VerticalWrapMode,True,True
UnityEngine.VFX.VFXCameraBufferTypes,UnityEngine.VFX,VFXCameraBufferTypes,True,True
UnityEngine.VFX.VFXEventAttribute,UnityEngine.VFX,VFXEventAttribute,True,True
UnityEngine.VFX.VFXExposedProperty,UnityEngine.VFX,VFXExposedProperty,True,True
UnityEngine.VFX.VFXExpressionValues,UnityEngine.VFX,VFXExpressionValues,True,True
UnityEngine.VFX.VFXManager,UnityEngine.VFX,VFXManager,True,True
UnityEngine.VFX.VFXSpawnerCallbacks,UnityEngine.VFX,VFXSpawnerCallbacks,True,True
UnityEngine.VFX.VFXSpawnerLoopState,UnityEngine.VFX,VFXSpawnerLoopState,True,True
UnityEngine.VFX.VFXSpawnerState,UnityEngine.VFX,VFXSpawnerState,True,True
UnityEngine.VFX.VisualEffect,UnityEngine.VFX,VisualEffect,True,True
UnityEngine.VFX.VisualEffectAsset,UnityEngine.VFX,VisualEffectAsset,True,True
UnityEngine.VFX.VisualEffectObject,UnityEngine.VFX,VisualEffectObject,True,True
UnityEngine.Video.Video3DLayout,UnityEngine.Video,Video3DLayout,True,True
UnityEngine.Video.VideoAspectRatio,UnityEngine.Video,VideoAspectRatio,True,True
UnityEngine.Video.VideoAudioOutputMode,UnityEngine.Video,VideoAudioOutputMode,True,True
UnityEngine.Video.VideoClip,UnityEngine.Video,VideoClip,True,True
UnityEngine.Video.VideoPlayer,UnityEngine.Video,VideoPlayer,True,True
UnityEngine.Video.VideoRenderMode,UnityEngine.Video,VideoRenderMode,True,True
UnityEngine.Video.VideoSource,UnityEngine.Video,VideoSource,True,True
UnityEngine.Video.VideoTimeReference,UnityEngine.Video,VideoTimeReference,True,True
UnityEngine.Video.VideoTimeSource,UnityEngine.Video,VideoTimeSource,True,True
UnityEngine.VRTextureUsage,UnityEngine,VRTextureUsage,True,True
UnityEngine.WaitForEndOfFrame,UnityEngine,WaitForEndOfFrame,True,True
UnityEngine.WaitForFixedUpdate,UnityEngine,WaitForFixedUpdate,True,True
UnityEngine.WaitForSeconds,UnityEngine,WaitForSeconds,True,True
UnityEngine.WaitForSecondsRealtime,UnityEngine,WaitForSecondsRealtime,True,True
UnityEngine.WaitUntil,UnityEngine,WaitUntil,True,True
UnityEngine.WaitWhile,UnityEngine,WaitWhile,True,True
UnityEngine.WebCamDevice,UnityEngine,WebCamDevice,True,True
UnityEngine.WebCamFlags,UnityEngine,WebCamFlags,True,True
UnityEngine.WebCamKind,UnityEngine,WebCamKind,True,True
UnityEngine.WebCamTexture,UnityEngine,WebCamTexture,True,True
UnityEngine.WeightedMode,UnityEngine,WeightedMode,True,True
UnityEngine.WheelCollider,UnityEngine,WheelCollider,True,True
UnityEngine.WheelFrictionCurve,UnityEngine,WheelFrictionCurve,True,True
UnityEngine.WheelHit,UnityEngine,WheelHit,True,True
UnityEngine.WheelJoint2D,UnityEngine,WheelJoint2D,True,True
UnityEngine.WindZone,UnityEngine,WindZone,True,True
UnityEngine.WindZoneMode,UnityEngine,WindZoneMode,True,True
UnityEngine.WrapMode,UnityEngine,WrapMode,True,True
UnityEngine.WWWAudioExtensions,UnityEngine,WWWAudioExtensions,True,True
UnityEngine.WWWForm,UnityEngine,WWWForm,True,True
UnityEngine.XR.ARBackgroundRenderer,UnityEngine.XR,ARBackgroundRenderer,True,True
UnityEngine.XR.ARRenderMode,UnityEngine.XR,ARRenderMode,True,True
UnityEngine.XR.Bone,UnityEngine.XR,Bone,True,True
UnityEngine.XR.CommonUsages,UnityEngine.XR,CommonUsages,True,True
UnityEngine.XR.Eyes,UnityEngine.XR,Eyes,True,True
UnityEngine.XR.GameViewRenderMode,UnityEngine.XR,GameViewRenderMode,True,True
UnityEngine.XR.Hand,UnityEngine.XR,Hand,True,True
UnityEngine.XR.HandFinger,UnityEngine.XR,HandFinger,True,True
UnityEngine.XR.HapticCapabilities,UnityEngine.XR,HapticCapabilities,True,True
UnityEngine.XR.InputDevice,UnityEngine.XR,InputDevice,True,True
UnityEngine.XR.InputDeviceCharacteristics,UnityEngine.XR,InputDeviceCharacteristics,True,True
UnityEngine.XR.InputDeviceRole,UnityEngine.XR,InputDeviceRole,True,True
UnityEngine.XR.InputDevices,UnityEngine.XR,InputDevices,True,True
UnityEngine.XR.InputFeatureUsage,UnityEngine.XR,InputFeatureUsage,True,True
UnityEngine.XR.InputTracking,UnityEngine.XR,InputTracking,True,True
UnityEngine.XR.InputTrackingState,UnityEngine.XR,InputTrackingState,True,True
UnityEngine.XR.MeshChangeState,UnityEngine.XR,MeshChangeState,True,True
UnityEngine.XR.MeshGenerationResult,UnityEngine.XR,MeshGenerationResult,True,True
UnityEngine.XR.MeshGenerationStatus,UnityEngine.XR,MeshGenerationStatus,True,True
UnityEngine.XR.MeshId,UnityEngine.XR,MeshId,True,True
UnityEngine.XR.MeshInfo,UnityEngine.XR,MeshInfo,True,True
UnityEngine.XR.MeshVertexAttributes,UnityEngine.XR,MeshVertexAttributes,True,True
UnityEngine.XR.Provider.XRStats,UnityEngine.XR.Provider,XRStats,True,True
UnityEngine.XR.TrackingOriginModeFlags,UnityEngine.XR,TrackingOriginModeFlags,True,True
UnityEngine.XR.XRDevice,UnityEngine.XR,XRDevice,True,True
UnityEngine.XR.XRDisplaySubsystem,UnityEngine.XR,XRDisplaySubsystem,True,True
UnityEngine.XR.XRDisplaySubsystemDescriptor,UnityEngine.XR,XRDisplaySubsystemDescriptor,True,True
UnityEngine.XR.XRInputSubsystem,UnityEngine.XR,XRInputSubsystem,True,True
UnityEngine.XR.XRInputSubsystemDescriptor,UnityEngine.XR,XRInputSubsystemDescriptor,True,True
UnityEngine.XR.XRMeshSubsystem,UnityEngine.XR,XRMeshSubsystem,True,True
UnityEngine.XR.XRMeshSubsystemDescriptor,UnityEngine.XR,XRMeshSubsystemDescriptor,True,True
UnityEngine.XR.XRMirrorViewBlitMode,UnityEngine.XR,XRMirrorViewBlitMode,True,True
UnityEngine.XR.XRMirrorViewBlitModeDesc,UnityEngine.XR,XRMirrorViewBlitModeDesc,True,True
UnityEngine.XR.XRNode,UnityEngine.XR,XRNode,True,True
UnityEngine.XR.XRNodeState,UnityEngine.XR,XRNodeState,True,True
UnityEngine.XR.XRSettings,UnityEngine.XR,XRSettings,True,True
UnityEngine.XR.XRStats,UnityEngine.XR,XRStats,True,True
UnityEngine.YieldInstruction,UnityEngine,YieldInstruction,True,True